Date,Revenue,Orders,Customers,Quantity,Lag1,Lag7,Lag30,RollingMean,RollingStd,RollingMin,RollingMax,RollingMedian,RevenueGrowth
2009-12-01,24471.05,92,87,15013,,,,,,,,,
2009-12-02,20745.38,92,81,13374,24471.05,,,,,,,,-0.15224806454974338
2009-12-03,27562.37,106,95,15720,20745.38,,,,,,,,0.3286028021660725
2009-12-04,20156.46,73,72,13277,27562.37,,,,,,,,-0.26869641471324857
2009-12-05,7016.16,29,25,4024,20156.46,,,,,,,,-0.6519150684197523
2009-12-06,18854.33,71,63,9534,7016.16,,,,,,,,1.6872719550295323
2009-12-07,19789.38,86,72,10650,18854.33,,,19799.304285714286,6421.511627415197,7016.16,27562.37,20156.46,0.04959338252804524
2009-12-08,21749.45,86,79,12899,19789.38,24471.05,,19410.504285714287,6168.935236248519,7016.16,27562.37,20156.46,0.09904655931615847
2009-12-09,15049.58,71,69,8671,21749.45,20745.38,,18596.818571428572,6336.872888839911,7016.16,27562.37,19789.38,-0.30804778971422264
2009-12-10,18565.34,78,74,12422,15049.58,27562.37,,17311.52857142857,4983.168902236236,7016.16,21749.45,18854.33,0.23361183501466498
2009-12-11,13556.17,58,51,9152,18565.34,20156.46,,16368.630000000001,4979.583533522993,7016.16,21749.45,18565.34,-0.2698129956144083
2009-12-13,14968.1,64,59,9472,13556.17,7016.16,,17504.62142857143,3006.575197337932,13556.17,21749.45,18565.34,0.10415404941071116
2009-12-14,20438.09,72,65,13731,14968.1,18854.33,,17730.87285714286,3179.6793122562663,13556.17,21749.45,18565.34,0.3654431758205785
2009-12-15,18357.06,77,75,11465,20438.09,19789.38,,17526.255714285715,3069.3035210877906,13556.17,21749.45,18357.06,-0.10182115843505923
2009-12-16,20577.36,86,80,13869,18357.06,21749.45,,17358.814285714285,2822.568439996081,13556.17,20577.36,18357.06,0.12095074047805032
2009-12-17,16354.27,79,73,10024,20577.36,15049.58,,17545.198571428573,2684.3598899515987,13556.17,20577.36,18357.06,-0.20522992259454076
2009-12-18,13768.960000000001,55,49,6545,16354.27,18565.34,,16860.00142857143,2976.786619121524,13556.17,20577.36,16354.27,-0.15808165084714876
2009-12-20,7200.33,30,30,4511,13768.960000000001,13556.17,,15952.024285714288,4650.995305856073,7200.33,20577.36,16354.27,-0.4770607220879428
2009-12-21,4406.8,26,26,2537,7200.33,14968.1,,14443.267142857143,6405.469069541833,4406.8,20577.36,16354.27,-0.387972495705058
2009-12-22,2099.45,19,14,1808,4406.8,20438.09,,11823.46142857143,7240.723383620883,2099.45,20577.36,13768.960000000001,-0.5235885449759463
2009-12-23,5123.7300000000005,10,9,2539,2099.45,18357.06,,9932.985714285716,6973.158689419632,2099.45,20577.36,7200.33,1.4405106099216467
2010-01-04,4645.06,21,19,3212,5123.7300000000005,20577.36,,7656.942857142858,5325.199674809425,2099.45,16354.27,5123.7300000000005,-0.09342217486089233
2010-01-05,9395.44,29,29,7085,4645.06,16354.27,,6662.824285714286,3886.0322568349616,2099.45,13768.960000000001,5123.7300000000005,1.022673549964909
2010-01-06,3022.85,10,10,1805,9395.44,13768.960000000001,,5127.665714285715,2478.667160046936,2099.45,9395.44,4645.06,-0.6782641366450108
2010-01-07,12409.15,38,38,8713,3022.85,7200.33,,5871.782857142857,3690.321784694444,2099.45,12409.15,4645.06,3.1051160328828757
2010-01-08,9331.75,33,33,5633,12409.15,4406.8,,6575.347142857143,3831.2536715924193,2099.45,12409.15,5123.7300000000005,-0.2479944234697783
2010-01-10,6817.900000000001,27,26,4299,9331.75,2099.45,,7249.4114285714295,3289.267046082994,3022.85,12409.15,6817.900000000001,-0.26938677097007524
2010-01-11,6830.650000000001,31,27,4455,6817.900000000001,5123.7300000000005,,7493.257142857144,3166.393339283209,3022.85,12409.15,6830.650000000001,0.0018700772965283274
2010-01-12,7593.29,30,27,4617,6830.650000000001,4645.06,,7914.432857142857,2910.1070256991825,3022.85,12409.15,7593.29,0.11164969658817236
2010-01-13,5405.11,21,21,3757,7593.29,9395.44,,7344.385714285714,2962.008896981096,3022.85,12409.15,6830.650000000001,-0.2881728473428514
2010-01-14,16405.12,51,43,8402,5405.11,3022.85,24471.05,9256.138571428572,3883.268000745536,5405.11,16405.12,7593.29,2.035113068929217
2010-01-15,8567.67,39,33,4393,16405.12,12409.15,20745.38,8707.355714285713,3626.361623095778,5405.11,16405.12,7593.29,-0.47774414329185033
2010-01-17,10808.25,39,35,6400,8567.67,9331.75,27562.37,8918.284285714286,3710.6927535787504,5405.11,16405.12,7593.29,0.26151567462332226
2010-01-18,8249.52,33,31,4903,10808.25,6817.900000000001,20156.46,9122.801428571429,3613.8226519593113,5405.11,16405.12,8249.52,-0.23673860245645684
2010-01-19,11918.201000000001,40,37,8291,8249.52,6830.650000000001,7016.16,9849.59442857143,3587.501198545292,5405.11,16405.12,8567.67,0.44471448035764505
2010-01-20,6670.64,28,25,4012,11918.201000000001,7593.29,18854.33,9717.787285714285,3699.4192972584483,5405.11,16405.12,8567.67,-0.440298078543901
2010-01-21,12102.56,43,42,6940,6670.64,5405.11,19789.38,10674.56585714286,3235.0733558514726,6670.64,16405.12,10808.25,0.8143026756053391
2010-01-22,11776.62,36,35,7332,12102.56,16405.12,21749.45,10013.351571428571,2164.449119082554,6670.64,12102.56,10808.25,-0.02693149218016677
2010-01-24,11969.73,49,48,6794,11776.62,8567.67,15049.58,10499.360142857144,2167.6804409276074,6670.64,12102.56,11776.62,0.01639774400464633
2010-01-25,13068.5,44,43,7049,11969.73,10808.25,18565.34,10822.253,2379.3654281915105,6670.64,13068.5,11918.201000000001,0.0917957213738323
2010-01-26,12527.74,56,51,7806,13068.5,8249.52,13556.17,11433.427285714284,2146.4416992816004,6670.64,13068.5,11969.73,-0.041378888166201166
2010-01-27,11141.38,45,43,7069,12527.74,11918.201000000001,14968.1,11322.452857142856,2137.2626810534516,6670.64,13068.5,11969.73,-0.1106632161906298
2010-01-28,13167.0,45,41,8326,11141.38,6670.64,20438.09,12250.504285714285,723.5774241884768,11141.38,13167.0,12102.56,0.1818105118037443
2010-01-29,9638.581,39,32,5761,13167.0,12102.56,18357.06,11898.507285714286,1229.7918696192287,9638.581,13167.0,11969.73,-0.26797440571124775
2010-01-31,12947.64,47,46,8388,9638.581,11776.62,20577.36,12065.795857142857,1288.6849197496385,9638.581,13167.0,12527.74,0.34331391726645233
2010-02-01,10772.891,48,45,6363,12947.64,11969.73,16354.27,11894.818857142856,1379.7339908688182,9638.581,13167.0,12527.74,-0.16796489553308558
2010-02-02,10669.83,38,32,6697,10772.891,13068.5,13768.960000000001,11552.151714285714,1336.857022573301,9638.581,13167.0,11141.38,-0.009566698484185898
2010-02-03,10124.591,41,39,6770,10669.83,12527.74,7200.33,11208.844714285715,1353.037287539117,9638.581,13167.0,10772.891,-0.05110100160921027
2010-02-04,15401.09,53,46,8664,10124.591,11141.38,4406.8,11817.374714285714,2080.162939549341,9638.581,15401.09,10772.891,0.521156755863027
2010-02-05,8943.62,34,32,5942,15401.09,13167.0,2099.45,11214.034714285715,2230.519774525184,8943.62,15401.09,10669.83,-0.4192865569904467
2010-02-07,5904.22,26,26,3200,8943.62,9638.581,5123.7300000000005,10680.554571428573,2988.0646256318787,5904.22,15401.09,10669.83,-0.3398400200366295
2010-02-08,10216.67,48,45,6117,5904.22,12947.64,4645.06,10290.416,2816.0621756414193,5904.22,15401.09,10216.67,0.7304013061843901
2010-02-09,12683.83,50,50,8167,10216.67,10772.891,9395.44,10563.407285714286,2959.5950122077284,5904.22,15401.09,10216.67,0.24148377113090658
2010-02-10,4778.6900000000005,27,24,2676,12683.83,10669.83,3022.85,9721.81585714286,3675.3437746402374,4778.6900000000005,15401.09,10124.591,-0.6232455023443234
2010-02-11,9458.92,46,42,5264,4778.6900000000005,10124.591,12409.15,9626.720000000001,3671.79554242879,4778.6900000000005,15401.09,9458.92,0.9793960269446227
2010-02-12,6297.03,26,25,3808,9458.92,15401.09,9331.75,8326.14,2792.7114446000146,4778.6900000000005,12683.83,8943.62,-0.3342760061402359
2010-02-14,11448.710000000001,39,34,7296,6297.03,8943.62,6817.900000000001,8684.01,3035.020279256781,4778.6900000000005,12683.83,9458.92,0.8181126658122959
2010-02-15,10729.641,32,30,6695,11448.710000000001,5904.22,6830.650000000001,9373.355857142858,2840.1607449151084,4778.6900000000005,12683.83,10216.67,-0.06280786219582823
2010-02-16,14283.42,53,48,8863,10729.641,10216.67,7593.29,9954.320142857145,3401.8130699241487,4778.6900000000005,14283.42,10729.641,0.33121136112568905
2010-02-17,11214.15,40,37,7378,14283.42,12683.83,5405.11,9744.365857142857,3247.1108843175375,4778.6900000000005,14283.42,10729.641,-0.21488341027569036
2010-02-18,13686.72,57,55,8577,11214.15,4778.6900000000005,16405.12,11016.941571428571,2671.156160407064,6297.03,14283.42,11214.15,0.2204866173539679
2010-02-19,7408.6900000000005,29,26,4429,13686.72,9458.92,8567.67,10724.051571428572,2966.5357945102564,6297.03,14283.42,11214.15,-0.4586949977788688
2010-02-21,9056.761,36,34,4478,7408.6900000000005,6297.03,10808.25,11118.298857142858,2411.6152650693407,7408.6900000000005,14283.42,11214.15,0.22245106759764544
2010-02-22,13538.57,40,36,8896,9056.761,11448.710000000001,8249.52,11416.850285714285,2582.632355866182,7408.6900000000005,14283.42,11214.15,0.49485781947872964
2010-02-23,10893.91,41,39,6938,13538.57,10729.641,11918.201000000001,11440.317285714284,2576.0853490270024,7408.6900000000005,14283.42,11214.15,-0.19534263958453513
2010-02-24,10636.601,49,41,5994,10893.91,14283.42,6670.64,10919.343142857144,2253.8900732619577,7408.6900000000005,13686.72,10893.91,-0.02361952687327129
2010-02-25,14246.18,55,49,9160,10636.601,11214.15,12102.56,11352.490285714286,2586.7527917436505,7408.6900000000005,14246.18,10893.91,0.33935455508766377
2010-02-26,7594.441,28,25,4798,14246.18,13686.72,11776.62,10482.164714285715,2693.19450672701,7408.6900000000005,14246.18,10636.601,-0.46691386743674446
2010-02-28,10645.62,49,46,6055,7594.441,7408.6900000000005,11969.73,10944.583285714285,2331.0739360163075,7594.441,14246.18,10645.62,0.4017647908516244
2010-03-01,9921.210000000001,48,43,6335,10645.62,9056.761,13068.5,11068.076000000001,2235.3262594511025,7594.441,14246.18,10645.62,-0.06804770412620398
2010-03-02,11259.64,48,45,6549,9921.210000000001,13538.57,12527.74,10742.514571428572,1965.177064660061,7594.441,14246.18,10645.62,0.13490592377341049
2010-03-03,16863.07,57,51,11677,11259.64,10893.91,11141.38,11595.251714285714,3041.92042158572,7594.441,16863.07,10645.62,0.497656230572203
2010-03-04,19250.68,67,61,12484,16863.07,10636.601,13167.0,12825.834428571427,4135.333792178168,7594.441,19250.68,11259.64,0.1415880975409578
2010-03-05,11207.94,52,49,7228,19250.68,14246.18,9638.581,12391.800142857142,4120.829486642243,7594.441,19250.68,11207.94,-0.41778991703150226
2010-03-07,15895.04,50,46,9746,11207.94,7594.441,12947.64,13577.6,3681.091314420232,9921.210000000001,19250.68,11259.64,0.41819460132727326
2010-03-08,12787.35,60,58,7774,15895.04,10645.62,10772.891,13883.561428571427,3480.3089221668765,9921.210000000001,19250.68,12787.35,-0.19551319153647928
2010-03-09,11615.31,44,43,7123,12787.35,9921.210000000001,10669.83,14125.575714285715,3207.024593517902,11207.94,19250.68,12787.35,-0.09165620711093392
2010-03-10,12836.15,49,42,9103,11615.31,11259.64,10124.591,14350.791428571427,3022.2512797881404,11207.94,19250.68,12836.15,0.10510610564849321
2010-03-11,10589.83,41,36,5807,12836.15,16863.07,15401.09,13454.614285714286,3082.6225235496004,10589.83,19250.68,12787.35,-0.1749995130938794
2010-03-12,7857.02,32,29,4993,10589.83,19250.68,8943.62,11826.948571428571,2456.5892349992696,7857.02,15895.04,11615.31,-0.25805985554064603
2010-03-14,4844.52,22,21,2737,7857.02,11207.94,5904.22,10917.888571428572,3623.8881185702003,4844.52,15895.04,11615.31,-0.3834150861268012
2010-03-15,10703.951000000001,39,36,6469,4844.52,15895.04,10216.67,10176.304428571428,2893.08065996737,4844.52,12836.15,10703.951000000001,1.2094967096843443
2010-03-16,10870.34,40,39,6717,10703.951000000001,12787.35,12683.83,9902.445857142857,2688.203582592549,4844.52,12836.15,10703.951000000001,0.01554463393937433
2010-03-17,12644.22,38,34,7874,10870.34,11615.31,4778.6900000000005,10049.433,2822.2572628476446,4844.52,12836.15,10703.951000000001,0.16318532814980946
2010-03-18,15974.54,70,62,9734,12644.22,12836.15,9458.92,10497.774428571429,3505.349421800997,4844.52,15974.54,10703.951000000001,0.26338674904422743
2010-03-19,12480.53,45,41,6897,15974.54,10589.83,6297.03,10767.87442857143,3585.550045467771,4844.52,15974.54,10870.34,-0.21872366903835727
2010-03-21,11429.14,51,47,7074,12480.53,7857.02,11448.710000000001,11278.177285714284,3348.5905089776065,4844.52,15974.54,11429.14,-0.08424241598714166
2010-03-22,13787.14,48,45,8098,11429.14,4844.52,10729.641,12555.694428571429,1859.9707820502647,10703.951000000001,15974.54,12480.53,0.20631473584189197
2010-03-23,11712.18,56,52,6338,13787.14,10703.951000000001,14283.42,12699.727142857144,1726.9574771325063,10870.34,15974.54,12480.53,-0.1504996685316896
2010-03-24,14559.28,57,53,8730,11712.18,10870.34,11214.15,13226.718571428572,1636.1302167251342,11429.14,15974.54,12644.22,0.24308881864862042
2010-03-25,18103.8,70,64,10338,14559.28,12644.22,13686.72,14006.65857142857,2423.8401475924647,11429.14,18103.8,13787.14,0.24345434664351528
2010-03-26,12016.380000000001,48,46,7120,18103.8,15974.54,7408.6900000000005,13441.207142857142,2348.7766537406724,11429.14,18103.8,12480.53,-0.3362509528386305
2010-03-28,16048.960000000001,59,56,11461,12016.380000000001,12480.53,9056.761,13950.982857142857,2488.603559359596,11429.14,18103.8,13787.14,0.33559025263848175
2010-03-29,12049.16,46,33,8209,16048.960000000001,11429.14,13538.57,14039.557142857144,2393.0875109066224,11712.18,18103.8,13787.14,-0.24922487189201048
2010-03-30,16702.49,61,53,10052,12049.16,13787.14,10893.91,14456.035714285714,2587.6154786975917,11712.18,18103.8,14559.28,0.3861953862343932
2010-03-31,14743.55,60,53,8575,16702.49,11712.18,10636.601,14889.08857142857,2288.2198334690434,12016.380000000001,18103.8,14743.55,-0.11728430910600762
2010-04-01,17009.31,69,68,10259,14743.55,14559.28,14246.18,15239.092857142856,2413.322200133522,12016.380000000001,18103.8,16048.960000000001,0.1536780490451759
2010-04-06,9498.51,43,40,5346,17009.31,18103.8,7594.441,14009.765714285717,2861.0537745782904,9498.51,17009.31,14743.55,-0.44156994022685225
2010-04-07,12034.78,50,43,7461,9498.51,12016.380000000001,10645.62,14012.394285714287,2858.9247922418926,9498.51,17009.31,14743.55,0.26701766908704627
2010-04-08,17690.46,72,65,11744,12034.78,16048.960000000001,9921.210000000001,14246.894285714287,3110.1002541764938,9498.51,17690.46,14743.55,0.46994461053712633
2010-04-09,7742.66,26,26,5394,17690.46,12049.16,11259.64,13631.679999999998,3934.080766786581,7742.66,17690.46,14743.55,-0.5623256828821862
2010-04-11,11473.99,41,39,7506,7742.66,16702.49,16863.07,12884.751428571428,3745.7172193027345,7742.66,17690.46,12034.78,0.4819183588069216
2010-04-12,9680.111,34,29,5921,11473.99,14743.55,19250.68,12161.403000000002,3815.1964218844214,7742.66,17690.46,11473.99,-0.15634308553519738
2010-04-13,11432.92,46,42,6471,9680.111,17009.31,11207.94,11364.775857142857,3160.182589472766,7742.66,17690.46,11432.92,0.18107323356106142
2010-04-14,11979.39,36,33,7165,11432.92,9498.51,15895.04,11719.187285714286,3053.3062425014364,7742.66,17690.46,11473.99,0.04779793788463493
2010-04-15,14300.48,59,55,8750,11979.39,12034.78,12787.35,12042.858714285714,3208.483676723049,7742.66,17690.46,11473.99,0.19375694421836176
2010-04-16,10096.68,32,32,6799,14300.48,17690.46,11615.31,10958.033,2058.336242198935,7742.66,14300.48,11432.92,-0.29396216071068937
2010-04-18,12949.78,46,40,6336,10096.68,7742.66,12836.15,11701.907285714287,1590.3604637497244,9680.111,14300.48,11473.99,0.28257803555228067
2010-04-19,16034.83,54,38,9604,12949.78,11473.99,10589.83,12353.455857142855,2270.3209244613063,9680.111,16034.83,11979.39,0.23823184640974593
2010-04-20,13558.49,55,48,8313,16034.83,9680.111,7857.02,12907.509999999998,1961.4044801281364,10096.68,16034.83,12949.78,-0.15443506416968567
2010-04-21,13534.31,51,46,7396,13558.49,11432.92,4844.52,13207.70857142857,1856.0833989831988,10096.68,16034.83,13534.31,-0.0017833844329272486
2010-04-22,15681.14,67,63,9946,13534.31,11979.39,10703.951000000001,13736.529999999999,1971.5393858438208,10096.68,16034.83,13558.49,0.15862131131915858
2010-04-23,11478.550000000001,50,42,7580,15681.14,14300.48,10870.34,13333.397142857142,2119.930292641062,10096.68,16034.83,13534.31,-0.26800283652846657
2010-04-25,12520.89,41,40,6772,11478.550000000001,10096.68,12644.22,13679.712857142858,1648.6820317323884,11478.550000000001,16034.83,13534.31,0.09080763685308679
2010-04-26,15059.35,65,63,8368,12520.89,12949.78,15974.54,13981.08,1685.4156874492737,11478.550000000001,16034.83,13558.49,0.20273798428067025
2010-04-27,17027.96,62,58,11217,15059.35,16034.83,12480.53,14122.955714285714,1913.4804188864905,11478.550000000001,17027.96,13558.49,0.1307234375985682
2010-04-28,20338.79,62,56,12188,17027.96,13558.49,11429.14,15091.570000000002,2992.182112444611,11478.550000000001,20338.79,15059.35,0.19443491762959275
2010-04-29,20056.041,73,68,12071,20338.79,13534.31,13787.14,16023.245857142858,3412.3231833791797,11478.550000000001,20338.79,15681.14,-0.013901957786082608
2010-04-30,9127.12,33,30,5642,20056.041,15681.14,11712.18,15086.957285714287,4304.392300199693,9127.12,20338.79,15059.35,-0.5449191592697682
2010-05-02,8788.16,38,37,4977,9127.12,11478.550000000001,14559.28,14702.615857142857,4774.7072199075155,8788.16,20338.79,15059.35,-0.03713767322003003
2010-05-04,13233.03,42,40,7675,8788.16,12520.89,18103.8,14804.350142857144,4727.830369852218,8788.16,20338.79,15059.35,0.5057793667844008
2010-05-05,13317.800000000001,60,51,8136,13233.03,15059.35,12016.380000000001,14555.557285714285,4757.902220452312,8788.16,20338.79,13317.800000000001,0.006405940287296241
2010-05-06,19600.35,70,66,12239,13317.800000000001,17027.96,16048.960000000001,14923.041571428572,5069.806812280665,8788.16,20338.79,13317.800000000001,0.4717408280646951
2010-05-07,15662.57,48,42,12597,19600.35,20338.79,12049.16,14255.010142857142,4514.981653917351,8788.16,20056.041,13317.800000000001,-0.20090355529365544
2010-05-09,15936.32,60,50,9387,15662.57,20056.041,16702.49,13666.478571428572,3852.7179576563485,8788.16,19600.35,13317.800000000001,0.017477974559730658
2010-05-10,15138.57,63,59,9234,15936.32,9127.12,14743.55,14525.257142857143,3303.0134336779915,8788.16,19600.35,15138.57,-0.05005860826087827
2010-05-11,15922.76,55,53,11455,15138.57,8788.16,17009.31,15544.485714285713,2130.192827804272,13233.03,19600.35,15662.57,0.051800797565423995
2010-05-12,12357.43,50,47,8631,15922.76,13233.03,9498.51,15419.4,2306.92076360102,12357.43,19600.35,15662.57,-0.22391407017376386
2010-05-13,12986.880000000001,55,52,7533,12357.43,13317.800000000001,12034.78,15372.125714285716,2359.9465898254457,12357.43,19600.35,15662.57,0.050936966667017414
2010-05-14,7787.52,35,33,4445,12986.880000000001,19600.35,17690.46,13684.57857142857,2975.7280105403406,7787.52,15936.32,15138.57,-0.40035481963335307
2010-05-16,10444.64,44,38,5885,7787.52,15662.57,7742.66,12939.16,3050.271930090832,7787.52,15936.32,12986.880000000001,0.34120233399079547
2010-05-17,12615.48,39,36,8036,10444.64,15936.32,11473.99,12464.754285714285,2749.8887337966835,7787.52,15922.76,12615.48,0.20784249145973432
2010-05-18,12095.77,47,40,6737,12615.48,15138.57,9680.111,12030.06857142857,2484.4692769042144,7787.52,15922.76,12357.43,-0.04119621290668285
2010-05-19,10840.84,51,50,6411,12095.77,15922.76,11432.92,11304.080000000002,1807.7300555945724,7787.52,12986.880000000001,12095.77,-0.10374949259121169
2010-05-20,17880.82,60,53,10504,10840.84,12357.43,11979.39,12093.135714285714,3092.8150091993175,7787.52,17880.82,12095.77,0.6493943273768452
2010-05-21,9804.83,39,34,5369,17880.82,12986.880000000001,14300.48,11638.557142857142,3172.3834503766698,7787.52,17880.82,10840.84,-0.45165657950809857
2010-05-23,14331.91,47,41,8153,9804.83,7787.52,10096.68,12573.470000000001,2789.5438313339628,9804.83,17880.82,12095.77,0.4617193770825194
2010-05-24,16589.62,64,58,11213,14331.91,10444.64,12949.78,13451.324285714287,2969.076044455915,9804.83,17880.82,12615.48,0.15753029428736287
2010-05-25,14183.83,54,49,8951,16589.62,12615.48,16034.83,13675.374285714284,2954.6295729631934,9804.83,17880.82,14183.83,-0.14501778823143618
2010-05-26,15929.39,61,58,9923,14183.83,12095.77,13558.49,14223.034285714286,2968.302890322239,9804.83,17880.82,14331.91,0.12306690083002958
2010-05-27,18813.63,81,75,11730,15929.39,10840.84,13534.31,15362.004285714285,2983.803347283813,9804.83,18813.63,15929.39,0.18106405832238415
2010-05-28,10630.76,41,38,7260,18813.63,17880.82,15681.14,14326.281428571428,3213.2455431252706,9804.83,18813.63,14331.91,-0.43494370836462715
2010-05-30,6516.97,30,29,4284,10630.76,9804.83,11478.550000000001,13856.587142857143,4101.7722680922425,6516.97,18813.63,14331.91,-0.38697045178331557
2010-06-01,9582.27,33,30,5926,6516.97,14331.91,12520.89,13178.067142857142,4392.576008110033,6516.97,18813.63,14183.83,0.47035662278635626
2010-06-02,6660.34,37,33,4805,9582.27,16589.62,15059.35,11759.598571428573,4699.752591305307,6516.97,18813.63,10630.76,-0.30493087754780446
2010-06-03,14052.06,58,49,9588,6660.34,14183.83,17027.96,11740.774285714286,4688.675140217674,6516.97,18813.63,10630.76,1.1098112108390863
2010-06-04,5679.18,28,26,3461,14052.06,15929.39,20338.79,10276.45857142857,4762.543569842436,5679.18,18813.63,9582.27,-0.5958471569293042
2010-06-06,20241.31,67,62,12023,5679.18,18813.63,20056.041,10480.412857142857,5199.594760907533,5679.18,20241.31,9582.27,2.564125454731141
2010-06-07,21022.420000000002,87,75,13443,20241.31,10630.76,9127.12,11964.935714285715,6556.159541593583,5679.18,21022.420000000002,9582.27,0.038589893638307116
2010-06-08,14471.48,59,53,8660,21022.420000000002,6516.97,8788.16,13101.294285714286,6130.016664212965,5679.18,21022.420000000002,14052.06,-0.311616835740129
2010-06-09,13895.3,54,52,9667,14471.48,9582.27,13233.03,13717.44142857143,5930.880736457365,5679.18,21022.420000000002,14052.06,-0.03981486344174889
2010-06-10,12052.960000000001,59,54,6891,13895.3,6660.34,13317.800000000001,14487.815714285713,5161.807821761227,5679.18,21022.420000000002,14052.06,-0.1325872777126077
2010-06-11,15795.8,65,57,12107,12052.960000000001,14052.06,19600.35,14736.921428571428,5179.31984247106,5679.18,21022.420000000002,14471.48,0.3105328483625598
2010-06-13,13753.37,67,60,8138,15795.8,5679.18,15662.57,15890.377142857145,3429.373052900101,12052.960000000001,21022.420000000002,14471.48,-0.12930209296142003
2010-06-14,13177.68,43,41,9397,13753.37,20241.31,15936.32,14881.287142857143,2940.0642816255986,12052.960000000001,21022.420000000002,13895.3,-0.04185810459545558
2010-06-15,12877.95,42,38,9146,13177.68,21022.420000000002,15138.57,13717.791428571427,1203.3050928786645,12052.960000000001,15795.8,13753.37,-0.022745278379805778
2010-06-16,17465.14,66,59,11978,12877.95,14471.48,15922.76,14145.457142857142,1865.562827948697,12052.960000000001,17465.14,13753.37,0.3562049860420329
2010-06-17,17427.84,64,58,10895,17465.14,13895.3,12357.43,14650.105714285713,2229.002592729625,12052.960000000001,17465.14,13753.37,-0.002135682851669096
2010-06-18,9253.02,43,40,5710,17427.84,12052.960000000001,12986.880000000001,14250.114285714286,2917.5940914839475,9253.02,17465.14,13753.37,-0.469066734603944
2010-06-20,4122.92,24,24,2271,9253.02,15795.8,7787.52,12582.56,4686.503501165171,4122.92,17465.14,13177.68,-0.5544243933332036
2010-06-21,14730.37,41,38,8925,4122.92,13753.37,10444.64,12722.131428571429,4741.4101427895575,4122.92,17465.14,13177.68,2.5728003453862796
2010-06-22,9222.97,38,33,5237,14730.37,13177.68,12615.48,12157.172857142858,4910.671708010746,4122.92,17465.14,12877.95,-0.37388062893192775
2010-06-23,11224.8,50,45,7767,9222.97,12877.95,12095.77,11921.00857142857,4909.982420356952,4122.92,17465.14,11224.8,0.217048304396523
2010-06-24,11184.05,42,38,6943,11224.8,17465.14,10840.84,11023.710000000001,4258.663048500862,4122.92,17427.84,11184.05,-0.0036303542156652657
2010-06-25,9028.31,36,33,4954,11184.05,17427.84,17880.82,9823.777142857143,3206.9490650653834,4122.92,14730.37,9253.02,-0.1927512841949025
2010-06-27,10682.11,53,50,6184,9028.31,9253.02,9804.83,10027.932857142858,3210.045392289193,4122.92,14730.37,10682.11,0.18317935471865732
2010-06-28,16998.27,58,57,11206,10682.11,4122.92,14331.91,11867.268571428573,2939.9739362928003,9028.31,16998.27,11184.05,0.5912839317325884
2010-06-29,17065.5,57,48,9871,16998.27,14730.37,16589.62,12200.858571428573,3413.3552567936727,9028.31,17065.5,11184.05,0.003955108372793115
2010-06-30,17693.68,65,62,10981,17065.5,9222.97,14183.83,13410.960000000001,3673.300361727416,9028.31,17693.68,11224.8,0.03680993817936784
2010-07-01,20796.24,76,75,13086,17693.68,11224.8,15929.39,14778.308571428572,4427.8358823674935,9028.31,20796.24,16998.27,0.17534848601308495
2010-07-02,12166.61,40,32,6869,20796.24,11184.05,18813.63,14918.674285714285,4308.881150611537,9028.31,20796.24,16998.27,-0.41496106988571013
2010-07-04,4728.7,20,19,2973,12166.61,9028.31,10630.76,14304.444285714286,5445.135071715734,4728.7,20796.24,16998.27,-0.61133791582043
2010-07-05,20086.37,75,59,11068,4728.7,10682.11,6516.97,15647.91,5561.355262062195,4728.7,20796.24,17065.5,3.247757311734726
2010-07-06,9559.97,50,45,5635,20086.37,16998.27,9582.27,14585.295714285716,5956.894207243855,4728.7,20796.24,17065.5,-0.5240568604481546
2010-07-07,13298.39,48,46,7958,9559.97,17065.5,6660.34,14047.137142857144,5864.9373690936045,4728.7,20796.24,13298.39,0.3910493442971055
2010-07-08,14041.15,64,58,9893,13298.39,17693.68,14052.06,13525.347142857141,5644.788886937276,4728.7,20796.24,13298.39,0.05585337773971144
2010-07-09,5701.06,22,22,3884,14041.15,20796.24,5679.18,11368.892857142857,5275.467913176721,4728.7,20086.37,12166.61,-0.5939748524871538
2010-07-11,4410.78,23,21,2382,5701.06,12166.61,20241.31,10260.917142857143,5861.8694518947705,4410.78,20086.37,9559.97,-0.2263228241765567
2010-07-12,8805.8,39,34,5830,4410.78,4728.7,21022.420000000002,10843.359999999999,5405.342148239398,4410.78,20086.37,9559.97,0.9964269358254094
2010-07-13,8070.8,38,31,5197,8805.8,20086.37,14471.48,9126.85,3580.8600333346217,4410.78,14041.15,8805.8,-0.08346771446092338
2010-07-14,10905.93,47,44,6746,8070.8,9559.97,13895.3,9319.130000000001,3643.580724900516,4410.78,14041.15,8805.8,0.35128240075333306
2010-07-15,16411.97,68,61,12340,10905.93,13298.39,12052.960000000001,9763.927142857143,4334.801814445931,4410.78,16411.97,8805.8,0.5048666184360253
2010-07-16,12404.28,56,52,8481,16411.97,14041.15,15795.8,9530.08857142857,4103.59811875069,4410.78,16411.97,8805.8,-0.2441931102725633
2010-07-18,8008.13,36,34,5493,12404.28,5701.06,13753.37,9859.67,3828.2205567600117,4410.78,16411.97,8805.8,-0.3544058986091898
2010-07-19,13902.03,50,50,8647,8008.13,4410.78,13177.68,11215.562857142857,3207.096034430078,8008.13,16411.97,10905.93,0.7359895506191834
2010-07-20,11933.94,52,46,6773,13902.03,8805.8,12877.95,11662.44,3028.3109778224575,8008.13,16411.97,11933.94,-0.14156853351632814
2010-07-21,11991.81,43,40,8186,11933.94,8070.8,17465.14,12222.584285714285,2583.1595521754502,8008.13,16411.97,11991.81,0.004849194817470037
2010-07-22,12810.23,54,51,8484,11991.81,10905.93,17427.84,12494.627142857145,2520.9117859927564,8008.13,16411.97,12404.28,0.06824824609462632
2010-07-23,9665.99,35,34,7214,12810.23,16411.97,9253.02,11530.915714285715,2011.815614445959,8008.13,13902.03,11991.81,-0.24544758368897357
2010-07-25,12233.02,51,49,8340,9665.99,12404.28,4122.92,11506.45,2000.4336052216279,8008.13,13902.03,11991.81,0.26557341772544785
2010-07-26,13635.56,48,44,10441,12233.02,8008.13,14730.37,12310.368571428571,1401.2660190393262,9665.99,13902.03,12233.02,0.11465198291182377
2010-07-27,11980.29,56,51,7877,13635.56,13902.03,9222.97,12035.834285714285,1213.071925496833,9665.99,13635.56,11991.81,-0.12139362079738558
2010-07-28,15968.92,58,55,9586,11980.29,11933.94,11224.8,12612.26,1913.2074090559859,9665.99,15968.92,12233.02,0.3329326752524353
2010-07-29,13939.58,54,50,8301,15968.92,11991.81,11184.05,12890.512857142856,1949.2316072726046,9665.99,15968.92,12810.23,-0.1270806040734126
2010-07-30,7596.38,35,30,5325,13939.58,12810.23,9028.31,12145.677142857141,2796.8720276928125,7596.38,15968.92,12233.02,-0.45504957825128156
2010-08-01,7442.26,29,25,4549,7596.38,9665.99,10682.11,11828.00142857143,3219.7778989884223,7442.26,15968.92,12233.02,-0.020288611154260283
2010-08-02,13355.85,52,44,7602,7442.26,12233.02,16998.27,11988.405714285715,3270.881450587174,7442.26,15968.92,13355.85,0.7945959963774445
2010-08-03,11170.25,44,43,7159,13355.85,13635.56,17065.5,11636.218571428572,3195.830716978131,7442.26,15968.92,11980.29,-0.1636436467914809
2010-08-04,13546.36,46,45,8971,11170.25,11980.29,17693.68,11859.942857142856,3277.699677785803,7442.26,15968.92,13355.85,0.21271770998858575
2010-08-05,12265.4,47,44,9534,13546.36,15968.92,20796.24,11330.868571428571,2762.2803442713066,7442.26,13939.58,12265.4,-0.09456119577510125
2010-08-06,6797.7,31,28,4693,12265.4,13939.58,12166.61,10310.6,2950.671180048127,6797.7,13546.36,11170.25,-0.4457824449263783
2010-08-08,8379.41,40,38,5282,6797.7,7596.38,4728.7,10422.46142857143,2843.5211806809,6797.7,13546.36,11170.25,0.232683113406005
2010-08-09,8814.72,40,39,7259,8379.41,7442.26,20086.37,10618.527142857143,2644.1071532101532,6797.7,13546.36,11170.25,0.05194995829061955
2010-08-10,8973.36,36,32,5514,8814.72,13355.85,9559.97,9992.457142857142,2395.054237915516,6797.7,13546.36,8973.36,0.01799716837290366
2010-08-11,8213.48,35,33,4816,8973.36,11170.25,13298.39,9570.061428571427,2413.3774915280446,6797.7,13546.36,8814.72,-0.08468176914778869
2010-08-12,16625.22,64,52,11615,8213.48,13546.36,14041.15,10009.89857142857,3355.504449231772,6797.7,16625.22,8814.72,1.0241383676590194
2010-08-13,9596.3,38,33,6694,16625.22,12265.4,5701.06,9628.598571428573,3204.7493377508013,6797.7,16625.22,8814.72,-0.42278658568127225
2010-08-15,9637.84,47,44,6949,9596.3,6797.7,4410.78,10034.332857142856,2956.80758067837,8213.48,16625.22,8973.36,0.004328751706387024
2010-08-16,9821.5,30,29,6853,9637.84,8379.41,8805.8,10240.345714285713,2871.2861663887106,8213.48,16625.22,9596.3,0.019056137059756173
2010-08-17,8847.78,38,35,6447,9821.5,8814.72,8070.8,10245.06857142857,2868.576300463506,8213.48,16625.22,9596.3,-0.09914167896960746
2010-08-18,14931.1,50,45,9870,8847.78,8973.36,10905.93,11096.174285714285,3282.3609706574352,8213.48,16625.22,9637.84,0.6875532619481948
2010-08-19,14358.59,59,50,9634,14931.1,8213.48,16411.97,11974.047142857144,3203.700098452387,8847.78,16625.22,9821.5,-0.03834345761531299
2010-08-20,12265.11,49,44,8521,14358.59,16625.22,12404.28,11351.174285714285,2493.9152749432424,8847.78,14931.1,9821.5,-0.1457998313204848
2010-08-22,15588.17,55,48,10384,12265.11,9596.3,8008.13,12207.155714285715,2800.6338530581374,8847.78,15588.17,12265.11,0.27093601280379875
2010-08-23,12502.41,44,37,8790,15588.17,9637.84,13902.03,12616.380000000001,2561.7324904186844,8847.78,15588.17,12502.41,-0.19795524426536282
2010-08-24,12239.12,50,46,9011,12502.41,9821.5,11933.94,12961.754285714285,2268.289635656927,8847.78,15588.17,12502.41,-0.021059139797846904
2010-08-25,16215.45,63,56,10717,12239.12,8847.78,11991.81,14014.278571428573,1672.2204300912015,12239.12,16215.45,14358.59,0.3248869199746387
2010-08-26,15763.87,63,60,9103,16215.45,14931.1,12810.23,14133.245714285715,1774.7940429043294,12239.12,16215.45,14358.59,-0.027848749186732413
2010-08-27,8427.73,30,28,5121,15763.87,14358.59,9665.99,13285.98,2780.1822048503855,8427.73,16215.45,12502.41,-0.46537683957048626
2010-08-29,9260.22,38,35,5984,8427.73,12265.11,12233.02,12856.710000000001,3168.888802177623,8427.73,16215.45,12502.41,0.09877986124377491
2010-08-31,11672.0,49,44,7610,9260.22,15588.17,13635.56,12297.257142857143,2944.002066358624,8427.73,16215.45,12239.12,0.26044521620436667
2010-09-01,7309.09,35,33,4058,11672.0,12502.41,11980.29,11555.354285714286,3487.828211666285,7309.09,16215.45,11672.0,-0.3737928375599726
2010-09-02,16019.2,71,67,11467,7309.09,12239.12,15968.92,12095.365714285714,3881.7257848490444,7309.09,16215.45,11672.0,1.1916818646370477
2010-09-03,8654.55,44,42,5780,16019.2,16215.45,13939.58,11015.23714285714,3584.7860130265026,7309.09,16019.2,9260.22,-0.4597389382740712
2010-09-05,8810.67,31,31,5214,8654.55,15763.87,7596.38,10021.922857142856,2958.266213486721,7309.09,16019.2,8810.67,0.018039066155952632
2010-09-06,12049.29,45,37,7178,8810.67,8427.73,7442.26,10539.288571428571,2949.6646597278755,7309.09,16019.2,9260.22,0.3675793100865201
2010-09-07,10468.18,42,40,7020,12049.29,9260.22,13355.85,10711.854285714286,2897.231930865826,7309.09,16019.2,10468.18,-0.13122017977822764
2010-09-08,12511.99,46,43,7659,10468.18,11672.0,11170.25,10831.852857142858,2960.3358020260303,7309.09,16019.2,10468.18,0.19524024233438864
2010-09-09,16652.76,59,56,9812,12511.99,7309.09,13546.36,12166.662857142857,3203.711546262735,8654.55,16652.76,12049.29,0.3309441583632977
2010-09-10,9809.06,40,35,6151,16652.76,16019.2,12265.4,11279.5,2792.533177337972,8654.55,16652.76,10468.18,-0.4109649091201698
2010-09-12,12572.59,48,46,7800,9809.06,8654.55,6797.7,11839.220000000001,2561.840587546384,8810.67,16652.76,12049.29,0.2817323984153426
2010-09-13,15052.48,53,45,10250,12572.59,8810.67,8379.41,12730.907142857144,2414.033491066461,9809.06,16652.76,12511.99,0.19724575445473036
2010-09-14,12239.57,55,51,7786,15052.48,12049.29,8814.72,12758.089999999998,2406.137433051858,9809.06,16652.76,12511.99,-0.18687352515997369
2010-09-15,14461.98,60,57,10158,12239.57,10468.18,8973.36,13328.632857142858,2240.4576668448553,9809.06,16652.76,12572.59,0.18157582333366284
2010-09-16,18217.721,60,48,10928,14461.98,12511.99,8213.48,14143.737285714285,2849.076284450518,9809.06,18217.721,14461.98,0.2596975656168796
2010-09-17,11853.31,40,38,7536,18217.721,16652.76,16625.22,13458.101571428573,2719.178855497994,9809.06,18217.721,12572.59,-0.34935275383787034
2010-09-19,16032.43,56,54,10103,11853.31,9809.06,9596.3,14347.15442857143,2314.532331368642,11853.31,18217.721,14461.98,0.3525698728878264
2010-09-20,15884.16,57,47,10499,16032.43,12572.59,9637.84,14820.235857142858,2228.1915098251716,11853.31,18217.721,15052.48,-0.009248130196108817
2010-09-21,23764.97,86,65,16533,15884.16,15052.48,9821.5,16064.877285714287,4059.955458935293,11853.31,23764.97,15884.16,0.49614269813449385
2010-09-22,14020.37,57,34,9453,23764.97,12239.57,8847.78,16319.277285714286,3829.565437975763,11853.31,23764.97,15884.16,-0.41004049237175555
2010-09-23,22116.55,77,69,14594,14020.37,14461.98,14931.1,17412.787285714287,4277.497273289825,11853.31,23764.97,16032.43,0.5774583695009474
2010-09-24,14193.99,48,44,9106,22116.55,18217.721,14358.59,16837.968571428573,4419.308379903041,11853.31,23764.97,15884.16,-0.35821861908842023
2010-09-26,14862.710000000001,57,49,9420,14193.99,11853.31,12265.11,17267.882857142857,3977.9132016453195,14020.37,23764.97,15884.16,0.04711289778279415
2010-09-27,23131.91,67,56,15967,14862.710000000001,16032.43,15588.17,18282.094285714287,4483.355466908937,14020.37,23764.97,15884.16,0.5563722901139831
2010-09-28,29050.91,103,89,16918,23131.91,15884.16,12502.41,20163.058571428573,5860.2328451562435,14020.37,29050.91,22116.55,0.2558802969577523
2010-09-29,21276.39,86,76,13929,29050.91,23764.97,12239.12,19807.54714285714,5677.954389513082,14020.37,29050.91,21276.39,-0.26761709013590285
2010-09-30,23606.94,71,68,15209,21276.39,14020.37,16215.45,21177.057142857142,5184.111296640688,14193.99,29050.91,22116.55,0.10953690922191206
2010-10-01,16163.64,57,51,10391,23606.94,22116.55,15763.87,20326.641428571427,5483.90548219193,14193.99,29050.91,21276.39,-0.31530134782398733
2010-10-03,24554.04,75,64,14956,16163.64,14193.99,8427.73,21806.64857142857,4922.192146504926,14862.710000000001,29050.91,23131.91,0.519090996829922
2010-10-04,21552.16,70,66,16365,24554.04,14862.710000000001,9260.22,22762.284285714286,3890.62243055818,16163.64,29050.91,23131.91,-0.12225605236449888
2010-10-05,28534.56,108,97,22313,21552.16,23131.91,11672.0,23534.09142857143,4469.049065063864,16163.64,29050.91,23606.94,0.3239768078930372
2010-10-06,16244.66,48,47,11072,28534.56,29050.91,7309.09,21704.62714285714,4455.452533479732,16163.64,28534.56,21552.16,-0.4307022782198149
2010-10-07,30337.3,101,85,19612,16244.66,21276.39,16019.2,22999.042857142857,5503.293150268394,16163.64,30337.3,23606.94,0.8675244665016073
2010-10-08,17303.95,54,49,11683,30337.3,23606.94,8654.55,22098.615714285716,5889.348767404514,16163.64,30337.3,21552.16,-0.42961469873719804
2010-10-10,18522.510000000002,66,58,10911,17303.95,16163.64,8810.67,22435.597142857147,5550.919944672023,16244.66,30337.3,21552.16,0.07042091545571982
2010-10-11,23592.9,79,74,15477,18522.510000000002,24554.04,12049.29,22298.29142857143,5501.452128648835,16244.66,30337.3,21552.16,0.27374205763689696
2010-10-12,25106.510000000002,96,88,16805,23592.9,21552.16,10468.18,22806.055714285718,5584.509238213845,16244.66,30337.3,23592.9,0.06415531791343998
2010-10-13,21349.99,75,71,14605,25106.510000000002,28534.56,12511.99,21779.68857142857,4984.1552279781,16244.66,30337.3,21349.99,-0.1496233447022306
2010-10-14,22112.59,81,70,14219,21349.99,16244.66,16652.76,22617.964285714286,4351.362983441214,17303.95,30337.3,22112.59,0.035718986285239396
2010-10-15,19664.43,79,68,12750,22112.59,30337.3,9809.06,21093.268571428573,2782.939113026861,17303.95,25106.510000000002,21349.99,-0.11071339901838728
2010-10-17,22247.68,67,60,14106,19664.43,17303.95,12572.59,21799.515714285717,2234.231260932729,18522.510000000002,25106.510000000002,22112.59,0.1313666350868039
2010-10-18,22216.420000000002,86,79,12503,22247.68,18522.510000000002,15052.48,22327.217142857142,1704.7236878717292,19664.43,25106.510000000002,22216.420000000002,-0.0014050903285195426
2010-10-19,21383.61,69,62,13323,22216.420000000002,23592.9,12239.57,22011.604285714286,1634.4039753568886,19664.43,25106.510000000002,22112.59,-0.037486237656652155
2010-10-20,22451.88,93,82,14408,21383.61,25106.510000000002,14461.98,21632.37142857143,969.2210388320922,19664.43,22451.88,22112.59,0.04995742066002884
2010-10-21,20104.97,82,73,11838,22451.88,21349.99,18217.721,21454.51142857143,1130.4949600572093,19664.43,22451.88,22112.59,-0.10453066736504912
2010-10-22,17887.170000000002,71,63,10293,20104.97,22112.59,11853.31,20850.88,1703.446226487284,17887.170000000002,22451.88,21383.61,-0.11031103254568397
2010-10-24,21291.53,79,73,12902,17887.170000000002,19664.43,16032.43,21083.32285714286,1623.7136101308797,17887.170000000002,22451.88,21383.61,0.19032412617535344
2010-10-25,17643.49,65,61,10616,21291.53,22247.68,15884.16,20425.58142857143,1969.2228309364498,17643.49,22451.88,21291.53,-0.17133761641366296
2010-10-26,23460.74,79,74,15852,17643.49,22216.420000000002,23764.97,20603.34142857143,2200.4138167205524,17643.49,23460.74,21291.53,0.32971084518992555
2010-10-27,17169.170000000002,63,60,10425,23460.74,21383.61,14020.37,20001.278571428575,2506.600698106503,17169.170000000002,23460.74,20104.97,-0.268174405410912
2010-10-28,14630.050000000001,52,48,8448,17169.170000000002,22451.88,22116.55,18883.87428571429,2938.3324352193763,14630.050000000001,23460.74,17887.170000000002,-0.1478883370599744
2010-10-29,17861.32,57,51,11576,14630.050000000001,20104.97,14193.99,18563.352857142858,2905.1158789207443,14630.050000000001,23460.74,17861.32,0.22086527387124444
2010-10-31,22125.55,75,73,13391,17861.32,17887.170000000002,14862.710000000001,19168.835714285717,3170.277285874047,14630.050000000001,23460.74,17861.32,0.2387410336973974
2010-11-01,14858.19,49,45,9309,22125.55,21291.53,23131.91,18249.78714285714,3378.047560424625,14630.050000000001,23460.74,17643.49,-0.3284600834781508
2010-11-02,22341.600000000002,78,73,12549,14858.19,17643.49,29050.91,18920.945714285714,3689.8371996465603,14630.050000000001,23460.74,17861.32,0.5036555596610355
2010-11-03,17868.97,75,70,11081,22341.600000000002,23460.74,21276.39,18122.12142857143,3101.5982554721513,14630.050000000001,22341.600000000002,17861.32,-0.2001929136677767
2010-11-04,30975.54,110,95,19042,17868.97,17169.170000000002,23606.94,20094.46,5697.819566799252,14630.050000000001,30975.54,17868.97,0.7334821201222006
2010-11-05,17276.68,61,54,9632,30975.54,14630.050000000001,16163.64,20472.55,5352.107529413105,14858.19,30975.54,17868.97,-0.4422476573451182
2010-11-07,24541.88,80,75,15371,17276.68,17861.32,24554.04,21426.915714285715,5404.250752234679,14858.19,30975.54,22125.55,0.42052060928372814
2010-11-08,19448.151,68,63,12087,24541.88,22125.55,21552.16,21044.43014285714,5441.184163412774,14858.19,30975.54,19448.151,-0.20755251838897426
2010-11-09,26452.8,96,90,16485,19448.151,14858.19,28534.56,22700.803000000004,4990.237314237364,17276.68,30975.54,22341.600000000002,0.3601704347112482
2010-11-10,26524.35,107,92,16324,26452.8,22341.600000000002,16244.66,23298.338714285717,5186.616640796345,17276.68,30975.54,24541.88,0.00270481763745245
2010-11-11,29053.39,105,88,16726,26524.35,17868.97,30337.3,24896.113,4952.749153423491,17276.68,30975.54,26452.8,0.09534785960824688
2010-11-12,18235.07,85,75,11836,29053.39,30975.54,17303.95,23076.045857142857,4679.741720586452,17276.68,29053.39,24541.88,-0.37235998966041484
2010-11-14,21128.12,84,74,11635,18235.07,17276.68,18522.510000000002,23626.251571428573,4071.0887555232657,18235.07,29053.39,24541.88,0.15865307892977643
2010-11-15,24032.0,86,75,12899,21128.12,24541.88,23592.9,23553.41157142857,4056.5111989033094,18235.07,29053.39,24032.0,0.13744147609915136
2010-11-16,29461.37,93,83,19715,24032.0,19448.151,25106.510000000002,24983.871428571427,4132.372185058892,18235.07,29461.37,26452.8,0.22592251997336876
2010-11-17,23433.881,105,93,15230,29461.37,26452.8,21349.99,24552.597285714284,4110.9961633752055,18235.07,29461.37,24032.0,-0.20458956932416916
2010-11-18,22779.71,89,84,13749,23433.881,26524.35,22112.59,24017.648714285715,4054.9119898947606,18235.07,29461.37,23433.881,-0.027915606467405096
2010-11-19,21166.670000000002,92,83,13117,22779.71,29053.39,19664.43,22890.97442857143,3477.0076259332413,18235.07,29461.37,22779.71,-0.07081038345088664
2010-11-21,26649.03,95,88,16039,21166.670000000002,18235.07,22247.68,24092.96871428571,3024.0562157063628,21128.12,29461.37,23433.881,0.259009093069434
2010-11-22,20154.52,83,78,12208,26649.03,21128.12,22216.420000000002,23953.883,3200.394051246977,20154.52,29461.37,23433.881,-0.24370530559648884
2010-11-23,29735.06,118,104,17214,20154.52,24032.0,21383.61,24768.60585714286,3877.81348188051,20154.52,29735.06,23433.881,0.4753544118143225
2010-11-24,20027.61,104,93,12442,29735.06,29461.37,22451.88,23420.925857142858,3604.764003872396,20027.61,29735.06,22779.71,-0.32646478601354767
2010-11-25,31677.61,134,124,18068,20027.61,23433.881,20104.97,24598.60142857143,4768.475788622787,20027.61,31677.61,22779.71,0.5816969673365917
2010-11-26,20702.62,74,68,11617,31677.61,22779.71,17887.170000000002,24301.874285714286,4961.252267351055,20027.61,31677.61,21166.670000000002,-0.34645890267605417
2010-11-28,19686.47,89,83,11193,20702.62,21166.670000000002,21291.53,24090.417142857146,5145.282569278827,19686.47,31677.61,20702.62,-0.04908315952280429
2010-11-29,24286.2,85,82,14881,19686.47,26649.03,17643.49,23752.870000000003,5025.565655811032,19686.47,31677.61,20702.62,0.2336493033032332
2010-11-30,24921.81,110,96,13772,24286.2,20154.52,23460.74,24433.911428571428,4773.353764637784,19686.47,31677.61,24286.2,0.026171653037527554
2010-12-01,20295.33,104,85,11751,24921.81,29735.06,17169.170000000002,23085.37857142857,4339.841221582683,19686.47,31677.61,20702.62,-0.1856398070605626
2010-12-02,23487.88,119,89,14269,20295.33,20027.61,14630.050000000001,23579.70285714286,4125.265531630398,19686.47,31677.61,23487.88,0.15730466072736915
2010-12-03,11988.15,49,44,6677,23487.88,31677.61,17861.32,20766.922857142858,4387.724780292287,11988.15,24921.81,20702.62,-0.4896027227659542
2010-12-05,20919.32,82,71,11453,11988.15,20702.62,22125.55,20797.88,4387.959930392922,11988.15,24921.81,20919.32,0.744999854022514
2010-12-06,18384.45,88,78,10376,20919.32,19686.47,14858.19,20611.877142857145,4469.757391647894,11988.15,24921.81,20919.32,-0.12117363279494742
2010-12-07,12815.01,61,59,6711,18384.45,24286.2,22341.600000000002,18973.135714285716,4972.667985062177,11988.15,24921.81,20295.33,-0.30294297626526767
2010-12-08,21465.37,96,86,13418,12815.01,24921.81,17868.97,18479.358571428573,4424.973752232663,11988.15,23487.88,20295.33,0.6750178111448994
2010-12-09,18456.21,87,81,9584,21465.37,20295.33,30975.54,18216.627142857145,4353.197010048,11988.15,23487.88,18456.21,-0.14018672867041193
2010-12-10,14961.35,65,50,8599,18456.21,23487.88,17276.68,16998.551428571427,3788.726890889329,11988.15,21465.37,18384.45,-0.18935957057272312
2010-12-12,10505.09,41,40,6072,14961.35,11988.15,24541.88,16786.685714285715,4140.720911571903,10505.09,21465.37,18384.45,-0.29785146393874884
2010-12-13,15017.5,61,56,9410,10505.09,20919.32,19448.151,15943.56857142857,3740.517886186509,10505.09,21465.37,15017.5,0.4295451062294564
2010-12-14,17706.23,74,68,11717,15017.5,18384.45,26452.8,15846.680000000002,3674.9649825497513,10505.09,21465.37,15017.5,0.17903978691526556
2010-12-15,15163.75,66,62,9842,17706.23,12815.01,26524.35,16182.214285714286,3452.523071020499,10505.09,21465.37,15163.75,-0.14359239657453904
2010-12-16,22230.77,103,93,16182,15163.75,21465.37,29053.39,16291.557142857142,3653.9725924930985,10505.09,22230.77,15163.75,0.46604698705795067
2010-12-17,9251.31,49,46,5562,22230.77,18456.21,18235.07,14976.57142857143,4337.513498140127,9251.31,22230.77,15017.5,-0.5838511216660511
2010-12-19,4485.43,17,16,2629,9251.31,14961.35,21128.12,13480.011428571428,5877.501085020263,4485.43,22230.77,15017.5,-0.5151573128562332
2010-12-20,10033.48,43,36,6974,4485.43,10505.09,24032.0,13412.638571428572,5919.836170245568,4485.43,22230.77,15017.5,1.2369048229489703
2010-12-21,4722.18,23,20,2626,10033.48,15017.5,29461.37,11941.878571428573,6684.226542501454,4485.43,22230.77,10033.48,-0.5293577103856288
2010-12-22,2975.32,12,11,1972,4722.18,17706.23,23433.881,9837.462857142858,6882.88667108433,2975.32,22230.77,9251.31,-0.369926601696674
2010-12-23,3553.52,15,13,2420,2975.32,15163.75,22779.71,8178.858571428572,6783.639625715734,2975.32,22230.77,4722.18,0.19433203823454281
2011-01-04,8344.99,33,32,5595,3553.52,22230.77,21166.670000000002,6195.175714285715,2919.275039588,2975.32,10033.48,4722.18,1.3483728809743578
2011-01-05,10807.11,39,37,8702,8344.99,9251.31,26649.03,6417.432857142857,3233.0891822203275,2975.32,10807.11,4722.18,0.2950416956760884
2011-01-06,13815.41,41,41,9301,10807.11,4485.43,20154.52,7750.2871428571425,4108.509885971254,2975.32,13815.41,8344.99,0.27836304062788275
2011-01-07,13523.48,40,39,10192,13815.41,10033.48,29735.06,8248.858571428571,4612.589524982763,2975.32,13815.41,8344.99,-0.021130751819888105
2011-01-09,11362.62,47,47,6825,13523.48,4722.18,20027.61,9197.492857142857,4446.245460826879,2975.32,13815.41,10807.11,-0.15978579478063326
2011-01-10,10296.67,29,28,7023,11362.62,2975.32,31677.61,10243.4,3498.8068264862177,3553.52,13815.41,10807.11,-0.09381199054443434
2011-01-11,10555.66,47,43,6938,10296.67,3553.52,20702.62,11243.705714285714,1905.6331622049402,8344.99,13815.41,10807.11,0.025152792116286182
2011-01-12,10076.62,40,40,5608,10555.66,8344.99,19686.47,11491.08142857143,1544.87321796351,10076.62,13815.41,10807.11,-0.04538228779631015
2011-01-13,9189.52,35,35,5496,10076.62,10807.11,24286.2,11259.997142857143,1768.9624087838718,9189.52,13815.41,10555.66,-0.08803547221191232
2011-01-14,9501.51,36,35,6422,9189.52,13815.41,24921.81,10643.725714285714,1453.6721814982302,9189.52,13523.48,10296.67,0.03395063071847049
2011-01-16,4415.75,23,20,2472,9501.51,13523.48,20295.33,9342.621428571429,2284.8620338758847,4415.75,11362.62,10076.62,-0.5352580800314897
2011-01-17,12048.99,43,42,6613,4415.75,11362.62,23487.88,9440.674285714285,2397.9262971496305,4415.75,12048.99,10076.62,1.7286395289588405
2011-01-18,4638.01,27,26,3328,12048.99,10296.67,11988.15,8632.294285714286,2951.2373440917418,4415.75,12048.99,9501.51,-0.6150706407756998
2011-01-19,10149.3,32,32,7474,4638.01,10555.66,20919.32,8574.242857142857,2910.8186722049372,4415.75,12048.99,9501.51,1.1882876492288714
2011-01-20,8198.06,30,27,4745,10149.3,10076.62,18384.45,8305.877142857144,2834.8259035650776,4415.75,12048.99,9189.52,-0.19225365296128794
2011-01-21,7242.54,32,30,4613,8198.06,9189.52,12815.01,8027.737142857142,2829.1858541619717,4415.75,12048.99,8198.06,-0.116554404334684
2011-01-23,6603.77,27,27,3754,7242.54,9501.51,21465.37,7613.774285714286,2789.321149317208,4415.75,12048.99,7242.54,-0.08819695852560006
2011-01-24,9699.89,42,42,6327,6603.77,4415.75,18456.21,8368.651428571427,2477.1461328137348,4638.01,12048.99,8198.06,0.46884128308526773
2011-01-25,15141.49,56,54,10883,9699.89,12048.99,14961.35,8810.437142857143,3360.995531404884,4638.01,15141.49,8198.06,0.5609960525325546
2011-01-26,10865.25,46,44,6507,15141.49,4638.01,10505.09,9700.042857142858,2859.226734041391,6603.77,15141.49,9699.89,-0.2824187051604564
2011-01-27,15955.67,49,49,9227,10865.25,10149.3,15017.5,10529.524285714286,3723.032545017814,6603.77,15955.67,9699.89,0.46850463634062733
2011-01-28,8985.53,34,33,4935,15955.67,8198.06,17706.23,10642.02,3652.064111024512,6603.77,15955.67,9699.89,-0.4368440811322871
2011-01-30,6193.81,24,22,3255,8985.53,7242.54,15163.75,10492.201428571427,3831.8494735894224,6193.81,15955.67,9699.89,-0.31069063260597873
2011-01-31,10803.98,52,46,7377,6193.81,6603.77,22230.77,11092.231428571427,3429.1757324971813,6193.81,15955.67,10803.98,0.7443189248620798
2011-02-01,13311.550000000001,51,50,8327,10803.98,9699.89,9251.31,11608.182857142858,3456.366019326822,6193.81,15955.67,10865.25,0.23209687541072843
2011-02-02,10583.35,51,50,6295,13311.550000000001,15141.49,4485.43,10957.02,3089.679808410566,6193.81,15955.67,10803.98,-0.20494983679586531
2011-02-03,9538.68,43,42,5165,10583.35,10865.25,10033.48,10767.51,3136.574465160988,6193.81,15955.67,10583.35,-0.09870882093099065
2011-02-04,8864.36,36,34,4731,9538.68,15955.67,4722.18,9754.465714285716,2181.351298170113,6193.81,13311.550000000001,9538.68,-0.07069321960690578
2011-02-06,2262.95,11,11,1477,8864.36,8985.53,2975.32,8794.097142857143,3596.8771624364567,2262.95,13311.550000000001,9538.68,-0.7447136623512584
2011-02-07,10018.22,35,33,5374,2262.95,6193.81,3553.52,9340.441428571428,3422.296765923063,2262.95,13311.550000000001,10018.22,3.4270620208135396
2011-02-08,6904.43,32,31,4537,10018.22,10803.98,8344.99,8783.362857142858,3461.515605221255,2262.95,13311.550000000001,9538.68,-0.31081269926194466
2011-02-09,5130.92,23,22,3216,6904.43,13311.550000000001,10807.11,7614.701428571428,3032.271288233842,2262.95,10583.35,8864.36,-0.25686551967360083
2011-02-10,7967.74,35,35,4602,5130.92,10583.35,13815.41,7241.042857142857,2753.85886194085,2262.95,10018.22,7967.74,0.5528872015155175
2011-02-11,6035.68,27,27,3781,7967.74,9538.68,13523.48,6740.614285714286,2579.508793044691,2262.95,10018.22,6904.43,-0.24248532206121176
2011-02-13,4479.5,20,20,2281,6035.68,8864.36,11362.62,6114.205714285715,2509.2768462237946,2262.95,10018.22,6035.68,-0.2578301036502929
2011-02-14,8108.07,29,29,5101,4479.5,2262.95,10296.67,6949.222857142857,1916.6537922875204,4479.5,10018.22,6904.43,0.8100390668601405
2011-02-15,10345.23,46,41,5714,8108.07,10018.22,10555.66,6995.938571428572,2005.8337876754929,4479.5,10345.23,6904.43,0.2759176968131749
2011-02-16,13797.47,51,47,8249,10345.23,6904.43,10076.62,7980.658571428571,3255.890986839192,4479.5,13797.47,7967.74,0.33370355226515014
2011-02-17,12921.64,52,47,8683,13797.47,5130.92,9189.52,9093.618571428571,3445.443477258156,4479.5,13797.47,8108.07,-0.0634775795852428
2011-02-18,7502.6900000000005,33,32,4710,12921.64,7967.74,9501.51,9027.182857142858,3475.1268505082835,4479.5,13797.47,8108.07,-0.41937014187053645
2011-02-20,7242.16,24,24,4048,7502.6900000000005,6035.68,4415.75,9199.537142857143,3328.871556056742,4479.5,13797.47,8108.07,-0.03472487867684804
2011-02-21,9778.45,29,28,6427,7242.16,4479.5,12048.99,9956.529999999999,2599.1484883258504,7242.16,13797.47,9778.45,0.35021181525953593
2011-02-22,13090.66,43,41,8327,9778.45,8108.07,4638.01,10668.328571428572,2689.262700304223,7242.16,13797.47,10345.23,0.3387254626244445
2011-02-23,11816.67,45,42,7598,13090.66,10345.23,10149.3,10878.534285714286,2717.1613091905056,7242.16,13797.47,11816.67,-0.09732053234901827
2011-02-24,15393.61,51,50,9260,11816.67,13797.47,8198.06,11106.554285714286,3049.5782396852655,7242.16,15393.61,11816.67,0.302702876529513
2011-02-25,12681.57,42,39,7798,15393.61,12921.64,7242.54,11072.25857142857,3027.030162213055,7242.16,15393.61,11816.67,-0.17617959659884852
2011-02-27,6573.08,31,29,3684,12681.57,7502.6900000000005,6603.77,10939.457142857142,3223.735000304839,6573.08,15393.61,11816.67,-0.4816824730691862
2011-02-28,11853.26,50,48,7131,6573.08,7242.16,9699.89,11598.185714285715,2783.3544000172265,6573.08,15393.61,11853.26,0.8033037784417656
2011-03-01,14094.65,51,49,8298,11853.26,9778.45,15141.49,12214.785714285714,2791.113793111148,6573.08,15393.61,12681.57,0.18909481442236142
2011-03-02,11803.92,35,34,6481,14094.65,13090.66,10865.25,12030.965714285714,2766.074943566898,6573.08,15393.61,11853.26,-0.1625247877740844
2011-03-03,11015.17,46,45,7230,11803.92,11816.67,15955.67,11916.465714285714,2792.8829218381634,6573.08,15393.61,11853.26,-0.06682102216890662
2011-03-04,9713.7,43,36,6425,11015.17,15393.61,8985.53,11105.05,2413.6433825650333,6573.08,14094.65,11803.92,-0.11815251149097106
2011-03-06,6487.89,25,24,3363,9713.7,12681.57,6193.81,10220.238571428572,2837.444818126723,6487.89,14094.65,11015.17,-0.3320886994657031
2011-03-07,11330.83,51,44,6057,6487.89,6573.08,10803.98,10899.917142857143,2345.366550184378,6487.89,14094.65,11330.83,0.7464584017299922
2011-03-08,14182.64,42,39,9269,11330.83,11853.26,13311.550000000001,11232.685714285715,2648.7961991242782,6487.89,14182.64,11330.83,0.2516858870885892
2011-03-09,12194.5,47,44,7787,14182.64,14094.65,10583.35,10961.235714285716,2391.484171561362,6487.89,14182.64,11330.83,-0.14018123565147245
2011-03-10,10893.79,45,42,6983,12194.5,11803.92,9538.68,10831.217142857144,2362.6001768370434,6487.89,14182.64,11015.17,-0.10666365984665216
2011-03-11,8753.35,40,36,5182,10893.79,11015.17,8864.36,10508.1,2484.7581360231543,6487.89,14182.64,10893.79,-0.1964825831964817
2011-03-13,3721.62,16,16,2641,8753.35,9713.7,2262.95,9652.088571428572,3590.2666668991983,3721.62,14182.64,10893.79,-0.5748347775423124
2011-03-14,10557.960000000001,43,36,6018,3721.62,6487.89,10018.22,10233.527142857143,3311.1438908616437,3721.62,14182.64,10893.79,1.836925854869654
2011-03-15,10378.67,37,36,6268,10557.960000000001,11330.83,6904.43,10097.504285714285,3277.944492131484,3721.62,14182.64,10557.960000000001,-0.016981500214056533
2011-03-16,10074.880000000001,40,38,5969,10378.67,14182.64,5130.92,9510.68142857143,2749.883971960902,3721.62,12194.5,10378.67,-0.029270609818020876
2011-03-17,11521.09,49,44,8097,10074.880000000001,12194.5,7967.74,9414.48,2650.3222650336643,3721.62,11521.09,10378.67,0.14354612660398924
2011-03-18,11197.81,48,45,6338,11521.09,10893.79,6035.68,9457.91142857143,2680.9187617023126,3721.62,11521.09,10378.67,-0.028059845032023967
2011-03-20,12304.54,52,51,7860,11197.81,8753.35,4479.5,9965.224285714286,2855.6749206031463,3721.62,12304.54,10557.960000000001,0.09883450424681262
2011-03-21,11062.92,46,45,6966,12304.54,3721.62,8108.07,11013.98142857143,758.5486256315966,10074.880000000001,12304.54,11062.92,-0.10090746992573474
2011-03-22,12239.26,39,38,8514,11062.92,10557.960000000001,10345.23,11254.167142857143,850.6765834266629,10074.880000000001,12304.54,11197.81,0.10633178220578299
2011-03-23,11762.210000000001,52,49,8201,12239.26,10378.67,13797.47,11451.815714285714,770.2879862505347,10074.880000000001,12304.54,11521.09,-0.038977029657021656
2011-03-24,16178.17,63,60,9833,11762.210000000001,10074.880000000001,12921.64,12323.714285714286,1764.5152559731441,11062.92,16178.17,11762.210000000001,0.3754362488001828
2011-03-25,10360.81,45,40,6384,16178.17,11521.09,7502.6900000000005,12157.960000000001,1901.64624468732,10360.81,16178.17,11762.210000000001,-0.3595808425798468
2011-03-27,5944.24,30,30,3264,10360.81,11197.81,7242.16,11407.449999999999,3039.822419012882,5944.24,16178.17,11762.210000000001,-0.426276516990467
2011-03-28,13742.83,54,48,9174,5944.24,12304.54,9778.45,11612.919999999998,3156.9190113357904,5944.24,16178.17,11762.210000000001,1.311957457976125
2011-03-29,11544.68,48,45,7921,13742.83,11062.92,13090.66,11681.742857142857,3148.1694803685245,5944.24,16178.17,11762.210000000001,-0.15994886060585767
2011-03-30,13664.28,58,56,9626,11544.68,12239.26,11816.67,11885.317142857142,3235.103223297598,5944.24,16178.17,11762.210000000001,0.18359971865829117
2011-03-31,13158.25,56,55,8577,13664.28,11762.210000000001,15393.61,12084.751428571428,3269.101345484362,5944.24,16178.17,13158.25,-0.03703305260138112
2011-04-01,13386.25,51,48,8304,13158.25,16178.17,12681.57,11685.905714285715,2826.84804585636,5944.24,13742.83,13158.25,0.017327532156631742
2011-04-03,4544.37,18,18,3002,13386.25,10360.81,6573.08,10854.985714285713,3923.4142577558464,4544.37,13742.83,13158.25,-0.6605195629844056
2011-04-04,12898.8,48,45,7364,4544.37,5944.24,11853.26,11848.494285714287,3304.3258268864165,4544.37,13742.83,13158.25,1.8384132454003526
2011-04-05,10504.19,34,34,7649,12898.8,13742.83,14094.65,11385.83142857143,3220.5502324883782,4544.37,13664.28,12898.8,-0.18564595156138552
2011-04-06,8356.87,37,36,6015,10504.19,11544.68,11803.92,10930.429999999998,3413.9250147740445,4544.37,13664.28,12898.8,-0.20442509132070152
2011-04-07,11848.33,57,53,7660,8356.87,13664.28,11015.17,10671.00857142857,3235.9133765519064,4544.37,13386.25,11848.33,0.4177951792955974
2011-04-08,15131.220000000001,60,59,8991,11848.33,13158.25,9713.7,10952.861428571428,3558.5072037603422,4544.37,15131.220000000001,11848.33,0.27707617866821743
2011-04-10,7847.01,31,30,4836,15131.220000000001,13386.25,6487.89,10161.54142857143,3543.0557168279934,4544.37,15131.220000000001,10504.19,-0.481402689274229
2011-04-11,13634.69,51,48,9762,7847.01,4544.37,11330.83,11460.158571428572,2708.7747424030945,7847.01,15131.220000000001,11848.33,0.7375650088377612
2011-04-12,12424.48,56,51,8994,13634.69,12898.8,14182.64,11392.398571428572,2672.478573811387,7847.01,15131.220000000001,11848.33,-0.0887596270982326
2011-04-13,12750.22,54,51,9137,12424.48,10504.19,12194.5,11713.26,2682.8762717153672,7847.01,15131.220000000001,12424.48,0.02621759622937936
2011-04-14,19230.72,74,68,10909,12750.22,8356.87,10893.79,13266.667142857144,3453.073155300545,7847.01,19230.72,12750.22,0.5082657397284127
2011-04-15,9836.851,40,39,5561,19230.72,11848.33,8753.35,12979.313,3667.7930919972982,7847.01,19230.72,12750.22,-0.4884824385150426
2011-04-17,10233.56,40,37,6639,9836.851,15131.220000000001,3721.62,12279.647285714285,3655.9989061894275,7847.01,19230.72,12424.48,0.04032886133987379
2011-04-18,13537.82,55,50,7530,10233.56,7847.01,10557.960000000001,13092.620142857146,3095.8633480679105,9836.851,19230.72,12750.22,0.3228847048338994
2011-04-19,13975.34,50,49,10382,13537.82,13634.69,10378.67,13141.284428571429,3108.456110534198,9836.851,19230.72,12750.22,0.03231834963088587
2011-04-20,12812.26,51,48,8251,13975.34,12424.48,10074.880000000001,13196.681571428571,3096.986786335615,9836.851,19230.72,12812.26,-0.08322373552271356
2011-04-21,16894.11,65,59,10452,12812.26,12750.22,11521.09,13788.665857142858,3380.4953832326064,9836.851,19230.72,13537.82,0.318589382357211
2011-04-26,13296.9,52,49,8737,16894.11,19230.72,11197.81,12940.977285714283,2386.152523131817,9836.851,16894.11,13296.9,-0.2129268721465647
2011-04-27,11844.050000000001,52,47,9976,13296.9,9836.851,12304.54,13227.72,2047.5368521307375,10233.56,16894.11,13296.9,-0.10926230926005298
2011-04-28,13362.04,54,49,10056,11844.050000000001,10233.56,11062.92,13674.645714285714,1571.0555137217098,11844.050000000001,16894.11,13362.04,0.1281647747181074
2011-05-01,4728.83,17,17,2721,13362.04,13537.82,12239.26,12416.218571428573,3735.6997997672415,4728.83,16894.11,13296.9,-0.646099697351602
2011-05-03,12007.68,54,46,6722,4728.83,13975.34,11762.210000000001,12135.124285714284,3672.321339356794,4728.83,16894.11,12812.26,1.53924966640797
2011-05-04,13718.37,57,52,9662,12007.68,12812.26,16178.17,12264.568571428574,3715.878711051757,4728.83,16894.11,13296.9,0.14246632155420524
2011-05-05,15482.18,70,65,10716,13718.37,16894.11,10360.81,12062.864285714286,3451.620506027365,4728.83,15482.18,13296.9,0.12857285522988504
2011-05-06,16396.54,69,57,11017,15482.18,13296.9,5944.24,12505.67,3815.919885907818,4728.83,16396.54,13362.04,0.05905886638703328
2011-05-08,14755.12,62,58,8485,16396.54,11844.050000000001,13742.83,12921.537142857143,3889.71150105299,4728.83,16396.54,13718.37,-0.10010770565009453
2011-05-09,14475.08,56,54,9170,14755.12,13362.04,11544.68,13080.542857142858,3933.22612050514,4728.83,16396.54,14475.08,-0.018979174686481803
2011-05-10,14934.380000000001,64,59,9391,14475.08,4728.83,13664.28,14538.478571428572,1392.1311579305875,12007.68,16396.54,14755.12,0.03173039458158433
2011-05-11,17627.85,67,53,10657,14934.380000000001,12007.68,13158.25,15341.36,1307.3586132224495,13718.37,17627.85,14934.380000000001,0.1803536537840873
2011-05-12,17826.66,77,66,11323,17627.85,13718.37,13386.25,15928.25857142857,1377.5938733462976,14475.08,17826.66,15482.18,0.011278176294897024
2011-05-13,13439.9,57,43,7209,17826.66,15482.18,4544.37,15636.504285714285,1672.5074800417246,13439.9,17826.66,14934.380000000001,-0.2460786260578257
2011-05-15,5903.41,29,28,3409,13439.9,16396.54,12898.8,14137.485714285713,3983.5026666233593,5903.41,17826.66,14755.12,-0.5607549163312227
2011-05-16,14479.7,56,47,8657,5903.41,14755.12,10504.19,14098.14,3977.7414630206304,5903.41,17826.66,14479.7,1.4527688234427223
2011-05-17,14727.92,57,49,9874,14479.7,14475.08,8356.87,14134.259999999998,3982.8793894158416,5903.41,17826.66,14727.92,0.017142620358156613
2011-05-18,15428.61,63,58,8007,14727.92,14934.380000000001,11848.33,14204.864285714286,4003.75291728008,5903.41,17826.66,14727.92,0.04757562507129309
2011-05-19,21881.96,85,78,12317,15428.61,17627.85,15131.220000000001,14812.594285714285,4844.513076178258,5903.41,21881.96,14727.92,0.41827163950608637
2011-05-20,13692.62,57,50,8444,21881.96,17826.66,7847.01,14222.017142857143,4664.477863072206,5903.41,21881.96,14479.7,-0.374250752674806
2011-05-22,17436.98,59,55,10698,13692.62,13439.9,13634.69,14793.028571428573,4795.5886499519365,5903.41,21881.96,14727.92,0.27345825707570937
2011-05-23,14834.2,53,48,8325,17436.98,5903.41,12424.48,16068.855714285715,2815.6779955922193,13692.62,21881.96,14834.2,-0.14926782045973552
2011-05-24,12698.43,57,50,7610,14834.2,14479.7,12750.22,15814.388571428572,3053.6681322874483,12698.43,21881.96,14834.2,-0.1439760822963153
2011-05-25,12190.75,54,48,7469,12698.43,14727.92,19230.72,15451.935714285715,3341.1592897519126,12190.75,21881.96,14834.2,-0.039979745527596755
2011-05-26,11575.87,54,45,6016,12190.75,15428.61,9836.851,14901.544285714288,3648.8102777246177,11575.87,21881.96,13692.62,-0.050438242109796305
2011-05-27,10955.15,47,40,6484,11575.87,21881.96,10233.56,13340.57142857143,2223.895574057921,10955.15,17436.98,12698.43,-0.05362188759894515
2011-05-29,4739.36,23,20,2877,10955.15,13692.62,13537.82,12061.534285714286,3917.474035195205,4739.36,17436.98,12190.75,-0.567385202393395
2011-05-31,10935.14,43,42,5932,4739.36,17436.98,13975.34,11132.7,3120.1985098708005,4739.36,14834.2,11575.87,1.307303095776645
2011-06-01,7262.58,34,33,4814,10935.14,14834.2,12812.26,10051.039999999999,2929.7508574734734,4739.36,12698.43,10955.15,-0.3358493809864346
2011-06-02,12457.81,39,31,7703,7262.58,12698.43,16894.11,10016.665714285715,2894.7146491888375,4739.36,12457.81,10955.15,0.7153422062132189
2011-06-03,8457.59,37,34,4685,12457.81,12190.75,13296.9,9483.357142857143,2768.555151950259,4739.36,12457.81,10935.14,-0.32110138138244193
2011-06-05,16793.89,63,59,9869,8457.59,11575.87,11844.050000000001,10228.788571428571,3897.9693489363817,4739.36,16793.89,10935.14,0.9856590352570884
2011-06-06,13320.22,52,50,7820,16793.89,10955.15,13362.04,10566.655714285715,4070.1199445997286,4739.36,16793.89,10935.14,-0.20684129763860548
2011-06-07,15071.800000000001,64,62,10420,13320.22,4739.36,4728.83,12042.718571428572,3427.410999726712,7262.58,16793.89,12457.81,0.13149782811395028
2011-06-08,17798.35,73,64,12121,15071.800000000001,10935.14,12007.68,13023.177142857141,3992.792396805847,7262.58,17798.35,13320.22,0.18090407250626983
2011-06-09,17950.6,79,73,12873,17798.35,7262.58,13718.37,14550.037142857142,3426.1312753975662,8457.59,17950.6,15071.800000000001,0.008554163728660136
2011-06-10,7744.900000000001,38,37,5414,17950.6,12457.81,15482.18,13876.764285714284,4265.943737560158,7744.900000000001,17950.6,15071.800000000001,-0.5685436698494757
2011-06-12,8872.35,36,36,5629,7744.900000000001,8457.59,16396.54,13936.015714285715,4180.147388026975,7744.900000000001,17950.6,15071.800000000001,0.1455732159227363
2011-06-13,15011.75,50,48,8500,8872.35,16793.89,14755.12,13681.424285714285,4028.6026188943047,7744.900000000001,17950.6,15011.75,0.6919699966750634
2011-06-14,11081.36,43,38,6145,15011.75,13320.22,14475.08,13361.587142857143,4149.1290157080675,7744.900000000001,17950.6,15011.75,-0.2618209069562176
2011-06-15,10328.12,45,40,6991,11081.36,15071.800000000001,14934.380000000001,12683.91857142857,4210.187675450389,7744.900000000001,17950.6,11081.36,-0.0679736061277677
2011-06-16,15854.4,73,69,10842,10328.12,17798.35,17627.85,12406.211428571429,3866.7121353523335,7744.900000000001,17950.6,11081.36,0.5350712423945498
2011-06-17,10356.77,43,34,7114,15854.4,17950.6,17826.66,11321.378571428571,3025.7424892821905,7744.900000000001,15854.4,10356.77,-0.34675736704006455
2011-06-19,12377.37,57,54,8484,10356.77,7744.900000000001,13439.9,11983.160000000002,2588.079789457817,8872.35,15854.4,11081.36,0.19509943737284896
2011-06-20,12190.5,48,41,8472,12377.37,8872.35,5903.41,12457.18142857143,2197.798853242566,10328.12,15854.4,12190.5,-0.015097714619503266
2011-06-21,11469.130000000001,45,43,7786,12190.5,15011.75,14479.7,11951.092857142858,1899.0990995883174,10328.12,15854.4,11469.130000000001,-0.05917476723678261
2011-06-22,11216.57,54,52,8373,11469.130000000001,11081.36,14727.92,11970.408571428572,1889.4417715066802,10328.12,15854.4,11469.130000000001,-0.022020850753283083
2011-06-23,18308.53,66,63,11534,11216.57,10328.12,15428.61,13110.467142857144,2880.870178578672,10356.77,18308.53,12190.5,0.632275285581956
2011-06-24,10225.73,41,36,6496,18308.53,15854.4,21881.96,12306.371428571427,2770.7709321199745,10225.73,18308.53,11469.130000000001,-0.4414772786236798
2011-06-26,5471.21,24,23,3347,10225.73,10356.77,13692.62,11608.434285714286,3776.49973711044,5471.21,18308.53,11469.130000000001,-0.46495653611038035
2011-06-27,7584.83,30,28,5679,5471.21,12377.37,17436.98,10923.785714285714,4039.1547225702852,5471.21,18308.53,11216.57,0.38631673797934996
2011-06-28,8483.0,35,31,5876,7584.83,12190.5,14834.2,10394.142857142857,4088.1504409235845,5471.21,18308.53,10225.73,0.1184166289817965
2011-06-29,5094.24,35,34,3072,8483.0,11469.130000000001,12698.43,9483.444285714286,4498.25176943907,5094.24,18308.53,8483.0,-0.3994766002593423
2011-06-30,14925.48,59,54,9243,5094.24,11216.57,12190.75,10013.288571428571,4933.769638790149,5094.24,18308.53,8483.0,1.9298737397531331
2011-07-01,9583.61,40,33,6482,14925.48,18308.53,11575.87,8766.871428571429,3330.445429425428,5094.24,14925.48,8483.0,-0.35790272741647167
2011-07-03,4932.47,25,24,2751,9583.61,10225.73,10955.15,8010.691428571428,3538.4297173436507,4932.47,14925.48,7584.83,-0.4853223367812338
2011-07-04,10499.02,33,29,7045,4932.47,5471.21,4739.36,8728.949999999999,3446.119912616666,4932.47,14925.48,8483.0,1.1285522263693442
2011-07-05,10666.45,57,51,6739,10499.02,7584.83,10935.14,9169.18142857143,3472.3364951543435,4932.47,14925.48,9583.61,0.01594720269129879
2011-07-06,12260.56,61,56,10176,10666.45,8483.0,7262.58,9708.832857142857,3637.5343132847074,4932.47,14925.48,10499.02,0.14945084822035426
2011-07-07,15591.48,65,60,10994,12260.56,5094.24,12457.81,11208.43857142857,3581.416953383241,4932.47,15591.48,10666.45,0.271677639520544
2011-07-08,9963.94,43,39,6771,15591.48,14925.48,8457.59,10499.647142857142,3193.090641054583,4932.47,15591.48,10499.02,-0.3609368706498677
2011-07-10,4465.58,22,19,3243,9963.94,9583.61,16793.89,9768.5,3937.0838674878614,4465.58,15591.48,10499.02,-0.5518258841382024
2011-07-11,11509.34,47,43,9205,4465.58,4932.47,13320.22,10708.052857142857,3328.3578789683033,4465.58,15591.48,10666.45,1.5773449361561096
2011-07-12,8322.210000000001,39,36,5459,11509.34,10499.02,15071.800000000001,10397.08,3450.5897950301987,4465.58,15591.48,10666.45,-0.27691683450137017
2011-07-13,12032.67,55,50,8811,8322.210000000001,10666.45,17798.35,10592.254285714285,3506.5501336777056,4465.58,15591.48,11509.34,0.4458503210084819
2011-07-14,16788.84,62,58,11315,12032.67,12260.56,17950.6,11239.151428571427,4212.292768475093,4465.58,16788.84,11509.34,0.3952713736851423
2011-07-15,7566.5,35,32,4906,16788.84,15591.48,7744.900000000001,10092.725714285714,3911.6497648598906,4465.58,16788.84,9963.94,-0.5493137107745383
2011-07-17,11202.88,49,44,7318,7566.5,9963.94,8872.35,10269.717142857144,3932.8233775694807,4465.58,16788.84,11202.88,0.48058944029604156
2011-07-18,12974.52,42,41,9269,11202.88,4465.58,15011.75,11485.279999999999,3057.433493967334,7566.5,16788.84,11509.34,0.15814147790568156
2011-07-19,17114.16,53,51,12136,12974.52,11509.34,11081.36,12285.968571428572,3725.663101428743,7566.5,17114.16,12032.67,0.31905920219013884
2011-07-20,11181.32,46,41,7967,17114.16,8322.210000000001,10328.12,12694.41285714286,3357.1930880857194,7566.5,17114.16,12032.67,-0.346662646603748
2011-07-21,16682.88,63,55,14223,11181.32,12032.67,15854.4,13358.72857142857,3651.603107930505,7566.5,17114.16,12974.52,0.4920313522911428
2011-07-22,8867.78,35,33,6422,16682.88,16788.84,10356.77,12227.14857142857,3638.792682815869,7566.5,17114.16,11202.88,-0.46845029155637397
2011-07-24,11199.25,49,48,8217,8867.78,7566.5,12377.37,12746.112857142856,3079.3542610138034,8867.78,17114.16,11202.88,0.26291473175924507
2011-07-25,12912.94,49,47,9513,11199.25,11202.88,12190.5,12990.407142857142,3003.415881596134,8867.78,17114.16,12912.94,0.15301828247427296
2011-07-26,9985.351,44,42,8580,12912.94,12974.52,11469.130000000001,12563.383000000002,3211.352374449075,8867.78,17114.16,11199.25,-0.2267174632577864
2011-07-27,10951.59,41,36,7938,9985.351,17114.16,11216.57,11683.015857142858,2527.834569509404,8867.78,16682.88,11181.32,0.09676565200361997
2011-07-28,14726.99,66,60,11541,10951.59,11181.32,18308.53,12189.54014285714,2755.5337519865056,8867.78,16682.88,11199.25,0.34473533066888007
2011-07-29,12505.630000000001,59,54,8618,14726.99,16682.88,10225.73,11592.790142857144,1956.8185633199246,8867.78,14726.99,11199.25,-0.15083598209817473
2011-07-31,10377.52,38,35,7721,12505.630000000001,8867.78,5471.21,11808.467285714287,1668.353388339802,9985.351,14726.99,11199.25,-0.17017215446163048
2011-08-01,12417.15,34,30,7374,10377.52,11199.25,7584.83,11982.453,1657.7027233663875,9985.351,14726.99,12417.15,0.19654310471095204
2011-08-02,13758.7,36,34,9588,12417.15,12912.94,8483.0,12103.275857142859,1764.224575770752,9985.351,14726.99,12417.15,0.10804008971462875
2011-08-03,16265.220000000001,54,53,10099,13758.7,9985.351,5094.24,13000.4,2076.7475121930634,10377.52,16265.220000000001,12505.630000000001,0.1821770952197519
2011-08-04,17552.91,69,68,12945,16265.220000000001,10951.59,14925.48,13943.445714285714,2455.594284003103,10377.52,17552.91,13758.7,0.07916831128014246
2011-08-05,12760.04,48,45,8702,17552.91,14726.99,9583.61,13662.452857142858,2463.5160598334373,10377.52,17552.91,12760.04,-0.27305273028802624
2011-08-07,5204.1,28,27,4095,12760.04,12505.630000000001,4932.47,12619.377142857145,4062.078974600386,5204.1,17552.91,12760.04,-0.5921564509202166
2011-08-08,12318.5,33,33,8428,5204.1,10377.52,10499.02,12896.660000000002,3948.191921656469,5204.1,17552.91,12760.04,1.367075959339751
2011-08-09,10442.17,37,35,6443,12318.5,12417.15,10666.45,12614.520000000002,4057.22990812287,5204.1,17552.91,12760.04,-0.15231805820513866
2011-08-10,8743.65,39,38,6498,10442.17,13758.7,12260.56,11898.084285714285,4259.268578049745,5204.1,17552.91,12318.5,-0.16265967705946183
2011-08-11,16907.36,58,53,11838,8743.65,16265.220000000001,15591.48,11989.81857142857,4374.362344012471,5204.1,17552.91,12318.5,0.933673008411819
2011-08-12,10555.73,40,38,6886,16907.36,17552.91,9963.94,10990.221428571429,3626.8567233966573,5204.1,16907.36,10555.73,-0.3756724881944905
2011-08-14,4296.29,25,21,2264,10555.73,12760.04,4465.58,9781.114285714286,4288.889090167957,4296.29,16907.36,10442.17,-0.5929897790110206
2011-08-15,11493.55,46,45,7760,4296.29,5204.1,11509.34,10679.607142857143,3801.310479517606,4296.29,16907.36,10555.73,1.6752267654185355
2011-08-16,12103.34,49,43,8228,11493.55,12318.5,8322.210000000001,10648.869999999999,3786.69161269217,4296.29,16907.36,10555.73,0.05305497431167927
2011-08-17,15953.58,46,43,10360,12103.34,10442.17,12032.67,11436.214285714286,4277.694985662472,4296.29,16907.36,11493.55,0.3181138429557462
2011-08-18,17831.66,58,57,12680,15953.58,8743.65,16788.84,12734.501428571428,4684.104739376317,4296.29,17831.66,12103.34,0.1177215396168132
2011-08-19,11693.66,49,48,8980,17831.66,16907.36,7566.5,11989.687142857143,4309.531823712464,4296.29,17831.66,11693.66,-0.34421921458798566
2011-08-21,9991.73,33,31,5778,11693.66,10555.73,11202.88,11909.115714285714,4345.92806753194,4296.29,17831.66,11693.66,-0.14554296943814005
2011-08-22,16643.86,58,54,11135,9991.73,4296.29,12974.52,13673.054285714286,3055.1835110614934,9991.73,17831.66,12103.34,0.6657635864860241
2011-08-23,15926.24,53,50,9824,16643.86,11493.55,17114.16,14306.295714285716,2986.7630667433405,9991.73,17831.66,15926.24,-0.04311620020836515
2011-08-24,16360.84,63,54,12279,15926.24,12103.34,11181.32,14914.51,2895.490393773317,9991.73,17831.66,15953.58,0.02728829905866048
2011-08-25,15666.95,67,63,10566,16360.84,15953.58,16682.88,14873.562857142857,2880.334197384747,9991.73,17831.66,15926.24,-0.04241163656633762
2011-08-26,11619.17,39,37,8764,15666.95,17831.66,8867.78,13986.064285714285,2772.036215906169,9991.73,16643.86,15666.95,-0.25836426362501963
2011-08-28,8388.42,35,34,5611,11619.17,11693.66,11199.25,13513.887142857142,3430.8151134082696,8388.42,16643.86,15666.95,-0.27805342378156095
2011-08-30,4572.17,20,20,2631,8388.42,9991.73,12912.94,12739.664285714285,4725.387485885361,4572.17,16643.86,15666.95,-0.45494264712544197
2011-08-31,8323.6,36,34,5175,4572.17,16643.86,9985.351,11551.055714285714,4625.023758464586,4572.17,16360.84,11619.17,0.8204922389150011
2011-09-01,16720.86,63,59,13588,8323.6,15926.24,10951.59,11664.572857142859,4758.142221931139,4572.17,16720.86,11619.17,1.0088495362583498
2011-09-02,12275.380000000001,53,48,7381,16720.86,16360.84,14726.99,11080.935714285715,4316.117825696512,4572.17,16720.86,11619.17,-0.2658643155914229
2011-09-04,13484.42,48,45,8854,12275.380000000001,15666.95,12505.630000000001,10769.145714285714,3996.622681839651,4572.17,16720.86,11619.17,0.09849308127324763
2011-09-05,14907.17,57,52,11703,13484.42,11619.17,10377.52,11238.86,4295.234574451857,4572.17,16720.86,12275.380000000001,0.10551065600151888
2011-09-06,12237.58,55,49,7794,14907.17,8388.42,12417.15,11788.740000000002,4111.976362638773,4572.17,16720.86,12275.380000000001,-0.17908093890389654
2011-09-07,13512.69,42,40,8671,12237.58,4572.17,13758.7,13065.957142857145,2611.6480514847112,8323.6,16720.86,13484.42,0.104196254488224
2011-09-08,16413.22,67,59,11116,13512.69,8323.6,16265.220000000001,14221.617142857143,1838.9127396437189,12237.58,16720.86,13512.69,0.21465230091121756
2011-09-09,14963.85,52,47,9553,16413.22,16720.86,17552.91,13970.615714285714,1535.8647466152022,12237.58,16413.22,13512.69,-0.08830503703721759
2011-09-11,19965.33,68,63,12926,14963.85,12275.380000000001,12760.04,15069.180000000002,2541.9203347994367,12237.58,19965.33,14907.17,0.33423751240489596
2011-09-12,18386.09,65,60,12081,19965.33,13484.42,5204.1,15769.418571428572,2702.660517061144,12237.58,19965.33,14963.85,-0.07909911832161054
2011-09-13,21447.12,57,55,13394,18386.09,14907.17,12318.5,16703.697142857145,3396.29526083802,12237.58,21447.12,16413.22,0.16648618602432586
2011-09-14,13309.53,61,54,8569,21447.12,12237.58,10442.17,16856.832857142857,3178.546403199237,13309.53,21447.12,16413.22,-0.3794257690543066
2011-09-15,19392.8,69,65,12426,13309.53,13512.69,8743.65,17696.84857142857,2913.3999760499755,13309.53,21447.12,18386.09,0.45706121854039905
2011-09-16,17519.16,46,44,11287,19392.8,16413.22,16907.36,17854.84,2861.7168040997794,13309.53,21447.12,18386.09,-0.09661523864527033
2011-09-18,10013.95,25,23,6221,17519.16,14963.85,10555.73,17147.71142857143,4057.0526144293417,10013.95,21447.12,18386.09,-0.4284001059411524
2011-09-19,17806.77,63,57,10807,10013.95,19965.33,4296.29,16839.345714285715,3885.6104923116295,10013.95,21447.12,17806.77,0.7781964159996804
2011-09-20,15927.06,56,51,9735,17806.77,18386.09,11493.55,16488.055714285714,3833.2716243911286,10013.95,21447.12,17519.16,-0.10556153642687593
2011-09-21,20163.47,62,61,11731,15927.06,21447.12,12103.34,16304.677142857143,3578.7517785941463,10013.95,20163.47,17519.16,0.26598819870082746
2011-09-22,32330.14,105,93,22874,20163.47,13309.53,15953.58,19021.907142857144,6745.442498763463,10013.95,32330.14,17806.77,0.6034015970465401
2011-09-23,22385.52,57,55,15268,32330.14,19392.8,17831.66,19449.43857142857,6866.619924303959,10013.95,32330.14,17806.77,-0.3075959460738493
2011-09-25,22131.791,75,74,15856,22385.52,17519.16,11693.66,20108.385857142857,6871.831071111785,10013.95,32330.14,20163.47,-0.011334514453986255
2011-09-26,17867.021,64,61,11545,22131.791,10013.95,9991.73,21230.253142857142,5441.328748889626,15927.06,32330.14,20163.47,-0.19269881953972912
2011-09-27,16815.9,68,62,12954,17867.021,17806.77,16643.86,21088.700285714287,5556.893131985189,15927.06,32330.14,20163.47,-0.05883023252729147
2011-09-28,25443.54,72,65,17124,16815.9,15927.06,15926.24,22448.19742857143,5238.620028369108,16815.9,32330.14,22131.791,0.5130644211728186
2011-09-29,29964.12,90,83,20414,25443.54,20163.47,16360.84,23848.290285714287,5805.2581255597615,16815.9,32330.14,22385.52,0.17767103162531628
2011-09-30,17911.53,62,55,13121,29964.12,32330.14,15666.95,21788.488857142856,4757.625564371312,16815.9,29964.12,22131.791,-0.40223407195005223
2011-10-02,9313.2,34,32,6293,17911.53,22385.52,11619.17,19921.01457142857,6666.760463842727,9313.2,29964.12,17911.53,-0.4800444183160232
2011-10-03,20157.24,53,44,11581,9313.2,22131.791,8388.42,19638.935857142857,6599.058793016673,9313.2,29964.12,17911.53,1.1643731477902333
2011-10-04,21865.96,66,60,13967,20157.24,17867.021,4572.17,20210.212857142855,6593.189846588501,9313.2,29964.12,20157.24,0.08476954186188168
2011-10-05,25912.170000000002,83,76,17313,21865.96,16815.9,8323.6,21509.68,6708.09915473084,9313.2,29964.12,21865.96,0.18504607161085107
2011-10-06,31384.25,109,95,20141,25912.170000000002,25443.54,16720.86,22358.352857142858,7604.622765949085,9313.2,31384.25,21865.96,0.2111779908822764
2011-10-07,22911.77,78,69,15442,31384.25,29964.12,12275.380000000001,21350.874285714286,6859.7280032784465,9313.2,31384.25,21865.96,-0.2699596135004022
2011-10-09,8831.06,38,35,5919,22911.77,17911.53,13484.42,20053.664285714283,8321.384037708458,8831.06,31384.25,21865.96,-0.6145622970202651
2011-10-10,27538.53,78,73,16667,8831.06,9313.2,14907.17,22657.282857142858,7172.707855103106,8831.06,31384.25,22911.77,2.118371973466379
2011-10-11,25535.08,72,67,17365,27538.53,20157.24,12237.58,23425.545714285716,7148.267100402441,8831.06,31384.25,25535.08,-0.07275079679271179
2011-10-12,18830.71,77,71,12495,25535.08,21865.96,13512.69,22991.93857142857,7347.907148670404,8831.06,31384.25,25535.08,-0.26255527689750735
2011-10-13,22963.84,74,67,13778,18830.71,25912.170000000002,16413.22,22570.748571428576,7236.270535912469,8831.06,31384.25,22963.84,0.2194888031306308
2011-10-14,18546.24,63,58,12119,22963.84,31384.25,14963.85,20736.747142857144,6180.016191234809,8831.06,27538.53,22911.77,-0.19237200746913397
2011-10-16,11056.89,33,31,5580,18546.24,22911.77,19965.33,19043.192857142858,7048.0213274122325,8831.06,27538.53,18830.71,-0.40382039701847927
2011-10-17,26727.68,74,68,16759,11056.89,8831.06,18386.09,21599.852857142858,5874.460832813319,11056.89,27538.53,22963.84,1.4172873203947947
2011-10-18,26038.13,71,68,20538,26727.68,27538.53,21447.12,21385.510000000002,5644.533612626226,11056.89,26727.68,22963.84,-0.025799096666826227
2011-10-19,20288.4,70,67,13388,26038.13,25535.08,13309.53,20635.984285714283,5341.921561525948,11056.89,26727.68,20288.4,-0.22081962107109843
2011-10-20,24602.23,80,72,17211,20288.4,18830.71,19392.8,21460.487142857142,5460.924996529839,11056.89,26727.68,22963.84,0.21262544113877868
2011-10-21,16162.83,56,53,10338,24602.23,22963.84,17519.16,20488.914285714283,5746.413890119862,11056.89,26727.68,20288.4,-0.34303394448389435
2011-10-23,11027.45,41,39,6544,16162.83,18546.24,10013.95,19414.80142857143,6779.834432832032,11027.45,26727.68,20288.4,-0.31772777415836206
2011-10-24,18283.72,60,55,11795,11027.45,11056.89,17806.77,20447.205714285716,5770.0459429969715,11027.45,26727.68,20288.4,0.658018852953312
2011-10-25,22995.83,67,61,17576,18283.72,26727.68,15927.06,19914.08428571429,5241.21774016266,11027.45,26038.13,20288.4,0.25772162338955096
2011-10-26,16295.67,81,72,10849,22995.83,26038.13,20163.47,18522.304285714286,4598.039536084454,11027.45,24602.23,18283.72,-0.2913641299313833
2011-10-27,27190.2,93,85,17055,16295.67,20288.4,32330.14,19508.27571428571,5657.74027164519,11027.45,27190.2,18283.72,0.6685536710058562
2011-10-28,14505.710000000001,56,53,9135,27190.2,24602.23,22385.52,18065.915714285715,5424.859856284683,11027.45,27190.2,16295.67,-0.4665096247912851
2011-10-30,25628.52,90,84,16849,14505.710000000001,16162.83,22131.791,19418.157142857144,6018.66509203309,11027.45,27190.2,18283.72,0.7667883888482534
2011-10-31,21056.27,59,58,11041,25628.52,11027.45,17867.021,20850.845714285715,4747.933735092473,14505.710000000001,27190.2,21056.27,-0.17840476157031304
2011-11-01,17918.89,70,69,11764,21056.27,18283.72,16815.9,20798.727142857144,4782.68515892043,14505.710000000001,27190.2,21056.27,-0.14899979910971894
2011-11-02,19202.96,74,72,13334,17918.89,22995.83,25443.54,20256.88857142857,4706.53008282268,14505.710000000001,27190.2,19202.96,0.07166013073354427
2011-11-03,22591.38,90,79,15068,19202.96,16295.67,29964.12,21156.27571428571,4415.972326931995,14505.710000000001,27190.2,21056.27,0.17645300516170437
2011-11-04,24712.24,77,67,19417,22591.38,27190.2,17911.53,20802.28142857143,3923.5257441211656,14505.710000000001,25628.52,21056.27,0.09387916984265687
2011-11-06,29844.77,96,85,17961,24712.24,14505.710000000001,9313.2,22993.575714285715,4100.238181532373,17918.89,29844.77,22591.38,0.2076918158774761
2011-11-07,18809.1,86,77,11430,29844.77,25628.52,20157.24,22019.37285714286,4179.216952938008,17918.89,29844.77,21056.27,-0.3697689745975593
2011-11-08,25686.760000000002,95,91,16085,18809.1,21056.27,21865.96,22680.87142857143,4363.756502152888,17918.89,29844.77,22591.38,0.3656559856665127
2011-11-09,25657.5,101,88,17963,25686.760000000002,17918.89,25912.170000000002,23786.387142857147,3913.287629452313,18809.1,29844.77,24712.24,-0.0011391082409771824
2011-11-10,34294.39,120,108,21455,25657.5,19202.96,31384.25,25942.30571428571,4979.246025426875,18809.1,34294.39,25657.5,0.336622430088668
2011-11-11,24577.22,86,82,17320,34294.39,22591.38,22911.77,26225.997142857144,4810.210251270165,18809.1,34294.39,25657.5,-0.28334576004996725
2011-11-13,21449.66,80,73,16124,24577.22,24712.24,8831.06,25759.914285714283,5128.840661318696,18809.1,34294.39,25657.5,-0.12725442503261153
2011-11-14,27191.6,93,86,17440,21449.66,29844.77,27538.53,25380.890000000003,4868.060891994616,18809.1,34294.39,25657.5,0.2676937536539039
2011-11-15,21951.9,95,87,14396,27191.6,18809.1,25535.08,25829.86142857143,4269.008907215082,21449.66,34294.39,25657.5,-0.192695538328013
2011-11-16,28290.760000000002,111,100,18141,21951.9,25686.760000000002,18830.71,26201.86142857143,4366.796653140803,21449.66,34294.39,25657.5,0.2887613372874329
2011-11-17,32170.68,124,114,21736,28290.760000000002,25657.5,22963.84,27132.315714285713,4893.596625325388,21449.66,34294.39,27191.6,0.1371444245400264
2011-11-18,22085.510000000002,92,87,14055,32170.68,34294.39,18546.24,25388.190000000002,4011.750363648525,21449.66,32170.68,24577.22,-0.31348948794368037
2011-11-20,23442.97,95,89,15581,22085.510000000002,24577.22,11056.89,25226.15428571429,4072.4125810133687,21449.66,32170.68,23442.97,0.06146382854640886
2011-11-21,24643.920000000002,92,83,17328,23442.97,21449.66,26727.68,25682.477142857148,3744.4790292675634,21951.9,32170.68,24643.920000000002,0.05122857726644714
2011-11-22,27916.04,115,106,18972,24643.920000000002,27191.6,26038.13,25785.96857142857,3802.698978184008,21951.9,32170.68,24643.920000000002,0.13277595447477508
2011-11-23,31593.71,117,101,19994,27916.04,21951.9,20288.4,27163.370000000003,3926.6663752434397,22085.510000000002,32170.68,27916.04,0.13174039011263772
2011-11-24,25650.93,100,92,15919,31593.71,28290.760000000002,24602.23,26786.25142857143,3927.110696977494,22085.510000000002,32170.68,25650.93,-0.18810009967173846
2011-11-25,15504.44,69,66,9574,25650.93,32170.68,16162.83,24405.360000000004,5018.962055119967,15504.44,31593.71,24643.920000000002,-0.3955603169163847
2011-11-27,15239.91,56,51,9743,15504.44,22085.510000000002,11027.45,23427.417142857146,6097.390763290297,15239.91,31593.71,24643.920000000002,-0.01706156430029082
2011-11-28,27682.04,94,87,17189,15239.91,23442.97,18283.72,24032.99857142857,6306.128189048729,15239.91,31593.71,25650.93,0.8164175510222831
2011-11-29,24165.1,114,100,14812,27682.04,24643.920000000002,22995.83,23964.595714285715,6300.99184731758,15239.91,31593.71,25650.93,-0.1270477175815078
2011-11-30,23625.23,93,86,15293,24165.1,27916.04,16295.67,23351.62285714286,6056.485458299324,15239.91,31593.71,24165.1,-0.022340896582261127
2011-12-01,23607.83,108,102,14695,23625.23,31593.71,27190.2,22210.782857142858,4883.80191602722,15239.91,27682.04,23625.23,-0.0007365007663416856
2011-12-02,22506.38,100,85,13726,23607.83,25650.93,14505.710000000001,21761.56142857143,4653.838791669547,15239.91,27682.04,23607.83,-0.04665613061429197
2011-12-04,15653.62,61,58,9885,22506.38,15504.44,25628.52,21782.872857142855,4620.63295947548,15239.91,27682.04,23607.83,-0.30448077389611305
2011-12-05,32824.16,110,102,23468,15653.62,15239.91,21056.27,24294.90857142857,5212.627112587442,15653.62,32824.16,23625.23,1.0969053803529154
2011-12-06,23353.84,98,95,18248,32824.16,27682.04,17918.89,23676.594285714287,4996.092662264111,15653.62,32824.16,23607.83,-0.2885167510760367
2011-12-07,22801.44,94,86,18726,23353.84,24165.1,19202.96,23481.785714285714,5000.454243932508,15653.62,32824.16,23353.84,-0.0236534976689059
2011-12-08,23560.02,107,101,17004,22801.44,23625.23,22591.38,23472.47,5000.2032081473835,15653.62,32824.16,23353.84,0.033268951434646254
2011-12-09,7952.21,34,29,6528,23560.02,23607.83,24712.24,21235.95285714286,7701.279962475359,7952.21,32824.16,22801.44,-0.6624701507044561
